,date,total_sleep_duration_hr,mean_sleep_efficiency,mean_sleep_quality,total_step_count,total_step_distance,total_step_calorie,mean_step_speed,mean_heart_rate,max_heart_rate,min_heart_rate,mean_exercises_heart_rate,mean_cadence,mean_exercises_speed,max_altitude,max_exercises_heart_rate,max_cadence,max_exercises_speed,min_altitude,min_exercises_heart_rate,altitude_loss,total_exercises_rep_count,altitude_gain,total_exercises_duration,incline_distance,decline_distance,total_exercises_calorie,total_exercises_distance
0,2017-12-16,6.85,94.902916,,,,,,54.09090909090909,0.0,0.0,,,,,,,,,,,,,,,,,
1,2017-12-18,8.183333333333334,96.34146,,,,,,70.25,0.0,0.0,,,,,,,,,,,,,,,,,
2,2017-12-20,4.883333333333334,93.174065,,,,,,,,,,,,,,,,,,,,,,,,,
3,2017-12-22,8.35,91.434265,,,,,,,,,,,,,,,,,,,,,,,,,
4,2017-12-23,5.366666666666666,93.18885,,,,,,,,,,,,,,,,,,,,,,,,,
5,2017-12-24,8.766666666666667,94.117645,,,,,,,,,153.5,70.955415,1.3741005,271.397,220.0,167.796,3.831,231.148,86.0,0.0,0.0,0.0,61.96385000000001,766.78,855.829,553.2239999999999,4420.025
6,2017-12-25,11.266666666666666,90.929455,,,,,,,,,,,,,,,,,,,,,,,,,
7,2017-12-26,6.483333333333333,92.05128,,,,,,,,,,,,,,,,,,,,,,,,,
8,2017-12-28,9.083333333333334,89.926735,,,,,,,,,,,,,,,,,,,,,,,,,
9,2017-12-29,8.25,90.120964,,,,,,101.4,0.0,0.0,105.0,0.0,0.0,,220.0,0.0,,,69.0,0.0,0.0,0.0,69.0635,0.0,0.0,367.376,0.0
10,2017-12-30,8.733333333333333,92.952385,,,,,,,,,,,,,,,,,,,,,,,,,
11,2017-12-31,9.766666666666667,89.778534,,,,,,,,,162.0,141.54398999999995,2.5696523,252.793,199.0,208.46,3.932,213.782,94.0,0.0,0.0,0.0,31.35295,542.4580000000002,786.556,385.162,4829.808
12,2018-01-01,9.15,87.10198178506376,,,,,,,,,0.0,0.0,1.5236253,,0.0,0.0,2.3055556,,0.0,0.0,0.0,0.0,19.52445,0.0,0.0,93.31,1542.569
13,2018-01-02,7.05,83.1602925,,,,,,,,,,,,,,,,,,,,,,,,,
14,2018-01-03,6.866666666666666,70.28693280254777,,,,,,,,,45.0,0.0,0.75479865,,179.0,0.0,1.8568523,,0.0,0.0,0.0,0.0,117.17391666666667,0.0,0.0,623.4789999999999,965.54
15,2018-01-04,7.133333333333334,92.056076,,,,,,58.333333333333336,0.0,0.0,,,,,,,,,,,,,,,,,
16,2018-01-05,8.783333333333333,93.75,,,,,,,,,126.0,0.0,0.0,,162.0,0.0,,,92.0,0.0,0.0,0.0,67.57176666666666,0.0,0.0,405.595,0.0
17,2018-01-06,9.633333333333333,92.21453,,,,,,60.666666666666664,0.0,0.0,0.0,0.0,0.7958112,,0.0,0.0,2.0833333,,0.0,0.0,0.0,0.0,42.075833333333335,0.0,0.0,283.07,2020.45
18,2018-01-07,6.866666666666667,91.106723,,,,,,98.66666666666667,0.0,0.0,123.0,0.0,0.0,,190.0,0.0,,,70.0,0.0,0.0,0.0,78.42396666666667,0.0,0.0,417.023,0.0
19,2018-01-08,9.183333333333334,91.66667,,,,,,,,,,,,,,,,,,,,,,,,,
20,2018-01-09,7.35,95.47511,50003.0,,,,,61.0,0.0,0.0,,,0.0,,,,,,,0.0,0.0,0.0,30.0,0.0,0.0,252.0,0.0
21,2018-01-10,7.0,93.34917,,,,,,100.25,0.0,0.0,43.666666666666664,0.0,0.0,,169.0,0.0,,,0.0,0.0,0.0,0.0,133.4326,0.0,0.0,824.768,0.0
22,2018-01-11,7.6,91.46608,,,,,,,,,,,,,,,,,,,,,,,,,
23,2018-01-12,6.333333333333333,91.33858,,,,,,,,,,,0.0,,,,,,,0.0,0.0,0.0,30.0,0.0,0.0,252.0,0.0
24,2018-01-13,8.816666666666666,95.84905,,,,,,54.0,0.0,0.0,133.0,0.0,0.0,,168.0,0.0,,,79.0,0.0,0.0,0.0,40.056016666666665,0.0,0.0,213.034,0.0
25,2018-01-14,8.416666666666666,87.56848108910891,,,,,,,,,,,0.0,,,,,,,0.0,0.0,0.0,40.0,0.0,0.0,336.0,0.0
26,2018-01-15,6.4,91.42857,,,,,,67.0,72.0,0.0,145.0,0.0,0.0,,220.0,0.0,,,97.0,0.0,0.0,0.0,44.62403333333334,0.0,0.0,237.31,0.0
27,2018-01-16,7.7,93.520515,,,,,,57.0,0.0,0.0,,,,,,,,,,,,,,,,,
28,2018-01-17,7.4,93.70786,,,,,,57.5,0.0,0.0,,,0.0,,,,,,,0.0,0.0,0.0,30.0,0.0,0.0,252.0,0.0
29,2018-01-18,6.883333333333334,95.89372,,,,,,,,,39.0,0.0,1.0440417,,163.0,0.0,2.25,,0.0,0.0,0.0,0.0,63.3862,0.0,0.0,322.637,2400.5699999999997
30,2018-01-19,8.283333333333333,92.36948,50002.0,,,,,62.0,0.0,0.0,130.0,0.0,0.0,,174.0,0.0,,,87.0,0.0,0.0,0.0,52.896233333333335,0.0,0.0,281.398,0.0
31,2018-01-21,7.7,92.656586,50003.0,,,,,65.66666666666667,0.0,0.0,70.5,0.0,0.0,,220.0,0.0,,,0.0,0.0,0.0,0.0,115.1147,0.0,0.0,706.527,0.0
32,2018-01-22,9.8,85.45696757823129,,,,,,,,,42.666666666666664,0.0,1.0305827666666667,,173.0,0.0,2.5277777,,0.0,0.0,0.0,0.0,99.42308333333332,0.0,0.0,500.14099999999996,2240.607
33,2018-01-23,7.866666666666666,93.65751,,,,,,,,,150.0,0.0,0.0,,181.0,0.0,,,102.0,0.0,0.0,0.0,77.44906666666667,0.0,0.0,504.379,0.0
34,2018-01-24,6.733333333333333,92.34568,50003.0,,,,,61.0,0.0,0.0,,,,,,,,,,,,,,,,,
35,2018-01-25,6.233333333333333,93.066666,50003.0,,,,,55.0,0.0,0.0,127.0,0.0,0.0,,187.0,0.0,,,74.0,0.0,0.0,0.0,33.676066666666664,0.0,0.0,179.134,0.0
36,2018-01-26,10.283333333333333,95.631065,50004.0,,,,,64.28,48.0,0.0,,,,,,,,,,,,,,,,,
37,2018-01-27,6.45,83.00718604651163,50003.0,,,,,61.75,0.0,0.0,,,0.0,,,,,,,0.0,0.0,0.0,30.0,0.0,0.0,252.0,0.0
38,2018-01-28,7.866666666666666,92.17759,50004.0,,,,,57.32432432432432,0.0,0.0,128.0,0.0,0.0,,168.0,0.0,,,72.0,0.0,0.0,0.0,51.098533333333336,0.0,0.0,271.791,0.0
39,2018-01-29,6.883333333333333,46.12069,,,,,,,,,147.0,0.0,0.0,,220.0,0.0,,,75.0,0.0,0.0,0.0,43.1819,0.0,0.0,229.699,0.0
40,2018-01-30,8.633333333333333,93.641624,50004.0,,,,,,,,,,0.0,,,,,,,0.0,0.0,0.0,30.0,0.0,0.0,252.0,0.0
41,2018-01-31,8.416666666666666,95.454544,50004.0,,,,,,,,0.0,0.0,1.5027097,,0.0,0.0,1.75,,0.0,0.0,0.0,0.0,15.1077,0.0,0.0,70.64,1076.869
42,2018-02-01,8.383333333333333,92.65873,,,,,,,,,,,0.0,,,,,,,0.0,0.0,0.0,30.0,0.0,0.0,252.0,0.0
43,2018-02-02,9.6,91.681114,50002.0,,,,,,,,122.0,0.0,0.0,,147.0,0.0,,,94.0,0.0,0.0,0.0,32.02741666666667,0.0,0.0,170.385,0.0
44,2018-02-03,6.783333333333333,95.09804,50003.0,,,,,,,,115.0,0.0,0.0,,170.0,0.0,,,72.0,0.0,0.0,0.0,32.444066666666664,0.0,0.0,172.585,0.0
45,2018-02-04,7.866666666666666,94.291756,50004.0,,,,,,,,131.0,0.0,0.0,,199.0,0.0,,,89.0,0.0,0.0,0.0,67.349,0.0,0.0,358.28,0.0
46,2018-02-05,7.316666666666666,94.545456,50004.0,,,,,,,,57.0,0.0,0.8244461999999999,,153.0,0.0,2.7222223,,0.0,0.0,0.0,0.0,42.13178333333333,0.0,0.0,234.405,970.97
47,2018-02-06,7.133333333333334,90.909096,,,,,,,,,,,0.0,,,,,,,0.0,0.0,0.0,30.0,0.0,0.0,252.0,0.0
48,2018-02-07,8.066666666666666,91.331924,50003.0,,,,,,,,0.0,0.0,1.52305915,,0.0,0.0,2.1388888,,0.0,0.0,0.0,0.0,29.37173333333333,0.0,0.0,127.89000000000001,2068.949
49,2018-02-08,6.216666666666667,87.70053,50003.0,,,,,,,,,,0.0,,,,,,,0.0,0.0,0.0,30.0,0.0,0.0,252.0,0.0
50,2018-02-09,6.3,87.598946,50003.0,,,,,,,,120.0,0.0,0.0,,167.0,0.0,,,71.0,0.0,0.0,0.0,63.79638333333333,0.0,0.0,339.358,0.0
51,2018-02-10,9.4,94.384458,50003.0,,,,,,,,,,0.0,,,,,,,0.0,0.0,0.0,30.0,0.0,0.0,252.0,0.0
52,2018-02-11,7.45,91.29464,50003.0,,,,,,,,,,,,,,,,,,,,,,,,
53,2018-02-12,7.966666666666667,93.94572,50003.0,,,,,,,,60.5,0.0,0.76307415,,183.0,0.0,1.6944444,,0.0,0.0,0.0,0.0,74.76053333333333,0.0,0.0,389.08500000000004,924.65
54,2018-02-13,7.966666666666667,92.90188,50003.0,,,,,,,,,,,,,,,,,,,,,,,,
55,2018-02-14,7.716666666666667,92.456894,,,,,,,,,,,,,,,,,,,,,,,,,
56,2018-02-15,8.783333333333333,93.371216,50004.0,,,,,59.5,0.0,0.0,,,0.0,,,,,,,0.0,0.0,0.0,30.0,0.0,0.0,252.0,0.0
57,2018-02-16,9.0,95.194084,50004.0,,,,,,,,0.0,0.0,1.5342718000000002,,0.0,0.0,1.7777778000000002,,0.0,0.0,0.0,0.0,12.944433333333333,0.0,0.0,58.28,956.092
58,2018-02-17,7.95,93.93305,50004.0,,,,,,,,,,0.0,,,,,,,0.0,0.0,0.0,15.0,0.0,0.0,126.0,0.0
59,2018-02-18,9.1,92.11766,50004.0,,,,,69.5,71.0,68.0,128.0,0.0,0.0,,172.0,0.0,,,86.0,0.0,0.0,0.0,80.21095,0.0,0.0,426.677,0.0
60,2018-02-20,3.466666666666667,89.952156,,,,,,,,,,,,,,,,,,,,,,,,,
61,2018-02-22,7.166666666666667,91.1833,,,,,,,,,,,,,,,,,,,,,,,,,
62,2018-02-23,7.066666666666666,95.76471,,,,,,,,,,,,,,,,,,,,,,,,,
63,2018-02-24,4.683333333333334,91.81495,,,,,,,,,0.0,0.0,,,0.0,0.0,,,0.0,0.0,0.0,0.0,98.95796666666666,0.0,0.0,1023.652,0.0
64,2018-02-25,7.216666666666667,87.78801999999997,,,,,,,,,,,,,,,,,,,,,,,,,
65,2018-02-26,6.616666666666666,95.9799,50003.0,,,,,,,,,,,,,,,,,,,,,,,,
66,2018-02-27,9.2,94.57505,50004.0,,,,,,,,,,,,,,,,,,,,,,,,
67,2018-02-28,6.45,93.5567,,,,,,,,,122.0,0.0,0.0,,154.0,0.0,,,84.0,0.0,0.0,0.0,60.65368333333333,0.0,0.0,322.664,0.0
68,2018-03-01,6.933333333333334,94.230774,,,,,,,,,0.0,0.0,0.0,,0.0,0.0,,,0.0,0.0,0.0,0.0,42.26453333333333,0.0,0.0,308.89,0.0
69,2018-03-02,7.85,93.84289,50003.0,,,,,,,,,,,,,,,,,,,,,,,,
70,2018-03-03,6.4,96.36363,50003.0,,,,,,,,,,,,,,,,,,,,,,,,
71,2018-03-04,7.483333333333333,93.11111,50003.0,,,,,58.0,0.0,0.0,,,0.0,,,,,,,0.0,0.0,0.0,30.0,0.0,0.0,252.0,0.0
72,2018-03-06,7.483333333333333,94.654785,,,,,,,,,0.0,0.0,1.6514202500000001,,0.0,0.0,4.0555553,,0.0,0.0,0.0,0.0,24.83976666666667,0.0,0.0,145.32999999999998,2172.563
73,2018-03-07,9.1,92.50457,50004.0,,,,,,,,0.0,0.0,0.79884385,,0.0,0.0,1.7222221999999998,,0.0,0.0,0.0,0.0,37.36228333333334,0.0,0.0,268.79,986.62
74,2018-03-08,6.116666666666666,92.66304,50003.0,,,,,,,,139.0,0.0,0.0,,193.0,0.0,,,70.0,0.0,0.0,0.0,42.5052,0.0,0.0,226.056,0.0
75,2018-03-09,8.266666666666667,96.57258,50005.0,,,,,,,,,,,,,,,,,,,,,,,,
76,2018-03-10,7.2,93.071594,,,,,,,,,136.0,0.0,0.0,,176.0,0.0,,,96.0,0.0,0.0,0.0,59.38455,0.0,0.0,315.881,0.0
77,2018-03-11,7.416666666666667,93.04933,50003.0,,,,,,,,136.0,0.0,0.0,,189.0,0.0,,,69.0,0.0,0.0,0.0,44.9673,0.0,0.0,239.183,0.0
78,2018-03-12,5.716666666666667,96.22093,,,,,,,,,,,,,,,,,,,,,,,,,
79,2018-03-13,8.2,95.13184,,,,,,,,,,,0.0,,,,,,,0.0,0.0,0.0,30.0,0.0,0.0,252.0,0.0
80,2018-03-14,8.216666666666667,95.13184,,,,,,,,,,,,,,,,,,,,,,,,,
81,2018-03-15,6.783333333333333,91.66667,50003.0,,,,,62.333333333333336,65.0,58.0,,,,,,,,,,,,,,,,,
82,2018-03-16,7.916666666666667,95.16807,,,,,,,,,,,,,,,,,,,,,,,,,
83,2018-03-17,7.983333333333333,91.89049425469729,,,,,,,,,,,,,,,,,,,,,,,,,
84,2018-03-18,7.1,95.07042,,,,,,,,,,,,,,,,,,,,,,,,,
85,2018-03-19,7.216666666666667,93.7788,,,,,,,,,0.0,0.0,1.7042558999999995,,0.0,0.0,2.7222223,,0.0,0.0,0.0,0.0,14.0689,0.0,0.0,78.03,1048.83
86,2018-03-20,7.0,94.299286,,,,,,,,,,,0.0,,,,,,,0.0,0.0,0.0,20.0,0.0,0.0,168.0,0.0
87,2018-03-21,8.85,94.406582,,,,,,71.0,71.0,71.0,,,,,,,,,,,,,,,,,
88,2018-03-22,4.433333333333334,92.85714,,,,,,57.0,0.0,0.0,,,,,,,,,,,,,,,,,
89,2018-03-23,8.15,90.01969553374234,,,,,,,,,,,,,,,,,,,,,,,,,
90,2018-03-24,7.566666666666666,91.86813,,,,,,,,,,,,,,,,,,,,,,,,,
91,2018-03-25,5.183333333333334,91.025635,,,,,,71.0,0.0,0.0,,,,,,,,,,,,,,,,,
92,2018-03-26,6.55,94.416245,,,,,,,,,,,,,,,,,,,,,,,,,
93,2018-03-27,8.35,93.01397,,,,,,,,,0.0,0.0,1.5426666,,0.0,0.0,1.6666666,,0.0,0.0,0.0,0.0,13.9729,0.0,0.0,64.84,1048.597
94,2018-03-28,7.7,93.952484,,,,,,,,,,,,,,,,,,,,,,,,,
95,2018-03-29,7.45,93.52679,,,,,,,,,,,0.0,,,,,,,0.0,0.0,0.0,25.0,0.0,0.0,210.0,0.0
96,2018-03-30,6.783333333333333,94.34889,,,,,,63.0,0.0,0.0,,,,,,,,,,,,,,,,,
97,2018-03-31,8.133333333333333,94.672134,,,,,,,,,133.0,0.0,0.0,,180.0,0.0,,,93.0,0.0,0.0,0.0,66.32395,0.0,0.0,352.825,0.0
98,2018-04-01,5.95,94.97207,,,,,,,,,,,,,,,,,,,,,,,,,
99,2018-04-02,6.916666666666667,92.78847,,,,,,,,,,,,,,,,,,,,,,,,,
100,2018-04-03,9.183333333333334,94.19238,,,,,,,,,,,0.0,,,,,,,0.0,0.0,0.0,30.0,0.0,0.0,252.0,0.0
101,2018-04-04,7.9,92.2057524050633,,,,,,,,,0.0,0.0,1.62591435,,0.0,0.0,3.6944444,,0.0,0.0,0.0,0.0,24.847099999999998,0.0,0.0,144.51,2197.15
102,2018-04-05,7.866666666666666,93.02326,,,,,,,,,,,,,,,,,,,,,,,,,
103,2018-04-06,8.6,79.74076973684211,,,,,,,,,,,0.0,,,,,,,0.0,0.0,0.0,35.0,0.0,0.0,294.0,0.0
104,2018-04-07,6.55,94.67005,,,,,,,,,124.0,0.0,0.0,,172.0,0.0,,,59.0,0.0,0.0,0.0,48.47656666666666,0.0,0.0,257.871,0.0
105,2018-04-08,8.966666666666667,78.02334746268656,,,,,,65.0,0.0,0.0,,,,,,,,,,,,,,,,,
106,2018-04-09,6.95,95.69378,,,,,,,,,,,,,,,,,,,,,,,,,
107,2018-04-10,4.866666666666666,92.83276,,,,,,,,,,,,,,,,,,,,,,,,,
108,2018-04-11,7.7,91.36069,,,,,,71.0,0.0,0.0,,,,,,,,,,,,,,,,,
109,2018-04-12,6.333333333333333,92.91338,,,,,,,,,126.0,0.0,0.0,,191.0,0.0,,,95.0,0.0,0.0,0.0,49.03516666666667,0.0,0.0,260.871,0.0
110,2018-04-13,8.383333333333333,88.09524,,,,,,,,,,,,,,,,,,,,,,,,,
111,2018-04-14,8.9,88.236279082397,,,,,,,,,135.0,0.0,0.0,,171.0,0.0,,,105.0,0.0,0.0,0.0,71.1142,0.0,0.0,378.322,0.0
112,2018-04-15,8.233333333333333,93.93939,,,,,,,,,,,,,,,,,,,,,,,,,
113,2018-04-16,8.216666666666667,90.09612801622718,,,,,,,,,,,,,,,,,,,,,,,,,
114,2018-04-17,7.55,92.07048,,,,,,,,,67.0,0.0,0.76979105,,210.0,0.0,1.7245018,,0.0,0.0,0.0,0.0,53.13125,0.0,0.0,272.445,964.337
115,2018-04-18,7.2,91.91686,,,,,,,,,128.0,0.0,0.0,,199.0,0.0,,,83.0,0.0,0.0,0.0,73.1806,0.0,0.0,389.267,0.0
116,2018-04-19,6.616666666666666,91.45728,,,,,,149.0,0.0,0.0,128.0,0.0,0.0,,185.0,0.0,,,80.0,0.0,0.0,0.0,41.60191666666667,0.0,0.0,221.101,0.0
117,2018-04-20,8.2,93.71197,,,,,,,,,,,,,,,,,,,,,,,,,
118,2018-04-21,5.7,94.1691,,,,,,,,,,,0.0,,,,,,,0.0,0.0,0.0,24.0,0.0,0.0,201.0,0.0
119,2018-04-22,5.366666666666666,91.95046,,,,,,,,,,,,,,,,,,,,,,,,,
120,2018-04-23,5.783333333333333,96.55172,,,,,,,,,,,,,,,,,,,,,,,,,
121,2018-04-24,7.233333333333333,91.49425,,,,,,,,,0.0,0.0,0.0,,0.0,0.0,,,0.0,0.0,0.0,0.0,41.18301666666667,0.0,0.0,314.53,0.0
122,2018-04-25,8.333333333333334,84.426308856,,,,,,76.0,0.0,0.0,,,,,,,,,,,,,,,,,
123,2018-04-26,6.65,87.74855846616542,,,,,,,,,,,,,,,,,,,,,,,,,
124,2018-04-27,7.166666666666667,92.12855047906977,,,,,,,,,,,,,,,,,,,,,,,,,
125,2018-04-28,5.916666666666666,82.77977176469888,,,,,,,,,,,0.0,,,,,,,0.0,0.0,0.0,30.0,0.0,0.0,252.0,0.0
126,2018-04-29,7.35,92.97052,,,,,,,,,,,0.0,,,,,,,0.0,0.0,0.0,30.0,0.0,0.0,252.0,0.0
127,2018-04-30,9.9,90.58403065656566,,,,,,,,,,,,,,,,,,,,,,,,,
128,2018-05-01,6.9,91.09870434782609,,,,,,,,,,,0.76071465,,,,3.5833333,,,0.0,0.0,0.0,50.632983333333335,0.0,0.0,402.03,970.64
129,2018-05-02,6.35,91.62304,,,,,,,,,,,,,,,,,,,,,,,,,
130,2018-05-03,8.35,91.03179740518962,,,,,,,,,,,,,,,,,,,,,,,,,
131,2018-05-04,7.933333333333334,88.69701806722689,,,,,,,,,,,,,,,,,,,,,,,,,
132,2018-05-06,3.0,0.0,50002.0,,,,,,,,,,,,,,,,,,,,,,,,
133,2018-05-07,8.166666666666666,92.244896,,,,,,,,,0.0,0.0,1.7064117,,0.0,0.0,3.3611112000000003,,0.0,0.0,0.0,0.0,29.813516666666665,0.0,0.0,176.75,2869.214
134,2018-05-08,4.333333333333333,44.93670499999999,50001.0,,,,,,,,,,,,,,,,,,,,,,,,
135,2018-05-09,7.699999999999999,87.72714500000001,,,,,,,,,,,0.0,,,,,,,0.0,0.0,0.0,30.0,0.0,0.0,252.0,0.0
136,2018-05-10,7.966666666666667,92.484344,,,,,,,,,,,,,,,,,,,,,,,,,
137,2018-05-11,6.016666666666667,97.22992,,,,,,81.83333333333333,86.0,0.0,137.0,0.0,0.0,,200.0,0.0,,,88.0,0.0,0.0,0.0,64.98481666666666,0.0,0.0,345.666,0.0
138,2018-05-12,7.95,93.305435,,,,,,,,,,,,,,,,,,,,,,,,,
139,2018-05-13,5.85,94.318184,,,,,,,,,,,,,,,,,,,,,,,,,
140,2018-05-14,7.716666666666667,91.9056975,,,,,,,,,,,0.0,,,,,,,0.0,0.0,0.0,30.0,0.0,0.0,252.0,0.0
141,2018-05-15,6.966666666666667,94.03803066985645,,,,,,,,,134.0,0.0,0.0,,168.0,0.0,,,100.0,0.0,0.0,0.0,50.07086666666667,0.0,0.0,266.187,0.0
142,2018-05-16,7.416666666666667,95.06726,,,,,,,,,,,,,,,,,,,,,,,,,
143,2018-05-17,7.05,91.72577,,,,,,,,,153.0,135.27759,1.29237115,69.291,179.0,201.329,4.4,41.455,92.0,0.0,0.0,0.0,49.74671666666667,297.308,301.618,506.6690000000001,4609.743
144,2018-05-18,7.283333333333333,91.075516,,,,,,,,,131.0,0.0,0.0,,193.0,0.0,,,76.0,0.0,0.0,0.0,49.127633333333335,0.0,0.0,261.348,0.0
145,2018-05-19,8.333333333333334,90.84912615,,,,,,,,,,,,,,,,,,,,,,,,,
146,2018-05-20,6.533333333333333,90.8397,,,,,,,,,,,,,,,,,,,,,,,,,
147,2018-05-21,6.716666666666667,92.821785,,,,,,,,,,,,,,,,,,,,,,,,,
148,2018-05-22,5.416666666666667,96.01227,,,,,,66.55263157894737,89.0,0.0,132.0,0.0,0.0,,188.0,0.0,,,69.0,0.0,0.0,0.0,74.08996666666667,0.0,0.0,394.11800000000005,0.0
149,2018-05-23,7.75,93.333336,,,,,,60.88333333333333,50.0,0.0,0.0,0.0,1.5873016000000002,,0.0,0.0,1.8888888,,0.0,0.0,0.0,0.0,12.321783333333334,0.0,0.0,59.97,1041.86
150,2018-05-24,6.183333333333334,90.59139,,,,,,61.523809523809526,0.0,0.0,,,0.0,,,,,,,0.0,0.0,0.0,30.0,0.0,0.0,252.0,0.0
151,2018-05-25,8.0,92.30769,,,,,,64.87096774193549,0.0,0.0,134.0,0.0,0.0,,182.0,0.0,,,83.0,0.0,0.0,0.0,83.65658333333333,0.0,0.0,444.949,0.0
152,2018-05-26,8.2,92.07317,,,,,,61.2463768115942,53.0,0.0,0.0,0.0,,,0.0,0.0,,,0.0,0.0,0.0,0.0,10.13555,0.0,0.0,113.518,0.0
153,2018-05-27,6.116666666666666,91.847824,,,,,,61.166666666666664,53.0,0.0,,,0.0,,,,,,,0.0,0.0,0.0,30.0,0.0,0.0,252.0,0.0
154,2018-05-28,6.233333333333333,88.53333,,,,,,60.41304347826087,0.0,0.0,0.0,0.0,1.6541487,,0.0,0.0,2.3768754,,0.0,0.0,0.0,0.0,11.802283333333333,0.0,0.0,55.13,962.631
155,2018-05-29,8.183333333333334,87.37270798778005,,,,,,58.06818181818182,0.0,0.0,,,0.0,,,,,,,0.0,0.0,0.0,30.0,0.0,0.0,252.0,0.0
156,2018-05-30,5.75,91.40049300000001,,,,,,61.708333333333336,0.0,0.0,66.5,0.0,0.75595235,,176.0,0.0,1.8055556,,0.0,0.0,0.0,0.0,57.456,0.0,0.0,299.606,1125.52
157,2018-05-31,7.933333333333334,91.19122549159664,,,,,,61.96875,0.0,0.0,128.0,0.0,0.0,,161.0,0.0,,,88.0,0.0,0.0,0.0,56.51988333333333,0.0,0.0,300.644,0.0
158,2018-06-01,6.55,93.90863,,,,,,59.885245901639344,63.0,0.0,,,,,,,,,,,,,,,,,
159,2018-06-02,7.6,90.25157250000001,,,,,,58.078125,0.0,0.0,,,0.0,,,,,,,0.0,0.0,0.0,30.0,0.0,0.0,252.0,0.0
160,2018-06-03,8.65,90.96154,,,,,,56.41025641025641,0.0,0.0,0.0,0.0,1.5531334,,0.0,0.0,1.8055556,,0.0,0.0,0.0,0.0,22.855183333333333,0.0,0.0,99.93,1839.34
161,2018-06-04,7.233333333333333,90.574715,,,,,,58.16279069767442,0.0,0.0,45.666666666666664,81.975015,1.4132771333333334,,172.0,156.90114,2.6388888,,0.0,0.0,0.0,0.0,61.00191666666666,0.0,0.0,461.336,3897.169
162,2018-06-05,6.4,95.06493,,,,,,57.705882352941174,0.0,0.0,,,,,,,,,,,,,,,,,
163,2018-06-06,7.5,95.42334,,,,,,57.526315789473685,0.0,0.0,0.0,0.0,1.5101888,,0.0,0.0,1.5833334,,0.0,0.0,0.0,0.0,11.703116666666666,0.0,0.0,57.61,1054.906
164,2018-06-07,7.366666666666666,90.97065,,,,,,60.78048780487805,0.0,0.0,129.0,0.0,0.7525035500000002,,219.0,0.0,2.6944444,,81.0,0.0,0.0,0.0,78.62115,0.0,0.0,408.406,1328.67
165,2018-06-08,8.266666666666667,85.11543956653226,,,,,,58.148936170212764,0.0,0.0,,,0.0,,,,,,,0.0,0.0,0.0,20.0,0.0,0.0,168.0,0.0
166,2018-06-09,8.416666666666666,89.42857000000001,,,,,,58.0,0.0,0.0,,,,,,,,,,,,,,,,,
167,2018-06-10,7.85,92.14438,,,,,,57.94285714285714,0.0,0.0,,,,,,,,,,,,,,,,,
168,2018-06-11,7.35,92.77389,,,,,,59.0,0.0,0.0,119.0,0.0,0.0,,172.0,0.0,,,85.0,0.0,0.0,0.0,51.68395,0.0,0.0,274.83,0.0
169,2018-06-12,7.616666666666666,94.0919,,,,,,58.55263157894737,78.0,0.0,,,0.0,,,,,,,0.0,0.0,0.0,25.0,0.0,0.0,210.0,0.0
170,2018-06-13,7.583333333333333,92.98246,,,,,,59.707317073170735,0.0,0.0,0.0,0.0,1.5138888,,0.0,0.0,1.5833334,,0.0,0.0,0.0,0.0,12.70015,0.0,0.0,62.03,1135.96
171,2018-06-14,5.216666666666667,94.90446,,,,,,62.37837837837838,0.0,0.0,,,,,,,,,,,,,,,,,
172,2018-06-15,8.6,91.60593597618849,,,,,,58.63793103448276,0.0,0.0,0.0,0.0,1.5451518,,0.0,0.0,1.6944444,,0.0,0.0,0.0,0.0,10.2898,0.0,0.0,50.95,939.48
173,2018-06-16,8.633333333333333,87.64350186507937,,,,,,60.24590163934426,0.0,0.0,,,,,,,,,,,,,,,,,
174,2018-06-17,7.3,94.305244,,,,,,61.70175438596491,0.0,0.0,,,,,,,,,,,,,,,,,
175,2018-06-18,7.266666666666667,85.65171180733945,,,,,,60.65573770491803,0.0,0.0,0.0,0.0,,,0.0,0.0,,,0.0,0.0,0.0,0.0,20.0,0.0,0.0,224.0,0.0
176,2018-06-19,8.266666666666667,93.56137,,,,,,60.129629629629626,0.0,0.0,0.0,0.0,1.5370485,,0.0,0.0,2.968437,,0.0,0.0,0.0,0.0,14.882833333333334,0.0,0.0,59.62,1003.27
177,2018-06-20,6.699999999999999,87.30539,,,,,,59.76923076923077,67.0,0.0,,,0.0,,,,,,,0.0,0.0,0.0,30.0,0.0,0.0,252.0,0.0
178,2018-06-21,7.883333333333334,94.72574,,,,,,60.81333333333333,53.0,0.0,81.5,67.76526,2.6394866,97.663,220.0,176.609,4.301,69.655,0.0,0.0,0.0,0.0,39.39853333333333,409.837,352.765,439.482,4654.188
179,2018-06-22,7.483333333333333,93.31849,,,,,,61.75,0.0,0.0,120.0,0.0,0.0,,172.0,0.0,,,84.0,0.0,0.0,0.0,62.372733333333336,0.0,0.0,331.764,0.0
180,2018-06-23,10.033333333333333,85.94727898802395,,,,,,61.09411764705882,69.0,0.0,,,0.0,,,,,,,0.0,0.0,0.0,30.0,0.0,0.0,252.0,0.0
181,2018-06-24,10.4,80.84441033333334,,,,,,57.16438356164384,50.0,0.0,,,,,,,,,,,,,,,,,
182,2018-06-25,5.8,91.97708,,,,,,60.825,0.0,0.0,151.0,133.50981000000002,2.660463,16.088,217.0,185.05900000000003,3.921,-15.749,96.0,0.0,0.0,0.0,33.40083333333333,499.307,424.887,384.814,5326.513000000001
183,2018-06-26,8.1,89.93839,,,,,,61.609756097560975,69.0,0.0,0.0,0.0,0.5511476333333333,,0.0,0.0,2.9722223,,0.0,0.0,0.0,0.0,97.62413333333333,0.0,0.0,833.36,1509.18
184,2018-06-27,7.583333333333333,92.54386,,,,,,61.726190476190474,0.0,0.0,,,,,,,,,,,,,,,,,
185,2018-06-28,8.7,90.946945,,,,,,62.17910447761194,0.0,0.0,0.0,0.0,0.0,,0.0,0.0,,,0.0,0.0,0.0,0.0,62.69505,0.0,0.0,634.184,0.0
186,2018-06-29,6.183333333333334,92.741936,,,,,,66.91891891891892,72.0,0.0,114.0,0.0,0.0,,146.0,0.0,,,78.0,0.0,0.0,0.0,48.433416666666666,0.0,0.0,257.66,0.0
187,2018-06-30,7.35,92.517006,,,,,,63.645161290322584,0.0,0.0,,,0.0,,,,,,,0.0,0.0,0.0,30.0,0.0,0.0,252.0,0.0
188,2018-07-01,8.2,90.46653,,,,,,57.578947368421055,0.0,0.0,,,,,,,,,,,,,,,,,
189,2018-07-02,7.9,85.26315,,,,,,59.455882352941174,0.0,0.0,,,,,,,,,,,,,,,,,
190,2018-07-03,7.033333333333333,88.65248000000003,,,,,,61.43333333333333,69.0,0.0,117.0,0.0,0.0,,144.0,0.0,,,93.0,0.0,0.0,0.0,40.47338333333333,0.0,0.0,215.285,0.0
191,2018-07-04,8.7,79.74794000000001,,,,,,59.65625,0.0,0.0,,,0.0,,,,,,,0.0,0.0,0.0,15.0,0.0,0.0,126.0,0.0
192,2018-07-05,5.933333333333334,91.876755,,,,,,60.41509433962264,0.0,0.0,,,,,,,,,,,,,,,,,
193,2018-07-06,8.9,93.45795,,,,,,58.78,68.0,0.0,,,,,,,,,,,,,,,,,
194,2018-07-07,10.083333333333334,90.92825,,,,,,59.53086419753087,54.0,0.0,129.0,0.0,5.7363205000000015,-16.371,149.0,0.0,9.864,-43.487,88.0,0.0,0.0,0.0,61.321616666666664,278.576,308.967,579.548,21023.436
195,2018-07-08,11.216666666666667,94.452114,,,,,,56.51162790697674,0.0,0.0,,,,,,,,,,,,,,,,,
196,2018-07-09,6.333333333333333,92.89474,,,,,,65.3859649122807,68.0,0.0,122.0,0.0,0.0,,170.0,0.0,,,84.0,0.0,0.0,0.0,64.0363,0.0,0.0,340.67,0.0
197,2018-07-10,9.016666666666667,90.40591,,,,,,61.864197530864196,0.0,0.0,120.0,0.0,0.0,,169.0,0.0,,,63.0,0.0,0.0,0.0,55.189033333333334,0.0,0.0,293.6040000000001,0.0
198,2018-07-11,7.466666666666667,89.08686,,,,,,60.196969696969695,0.0,0.0,,,0.0,,,,,,,0.0,0.0,0.0,30.0,0.0,0.0,252.0,0.0
199,2018-07-12,7.166666666666667,94.43156,,,,,,60.725,66.0,0.0,,,,,,,,,,,,,,,,,
200,2018-07-13,9.033333333333333,92.591778,,,,,,61.46969696969697,0.0,0.0,156.0,135.17581,1.40959225,24.073,178.0,166.463,3.951,-138.124,81.0,0.0,0.0,0.0,49.43958333333333,1308.848,1260.423,624.221,4972.83
201,2018-07-14,9.483333333333334,91.46967299999999,,,,,,57.03508771929825,0.0,0.0,,,,,,,,,,,,,,,,,
202,2018-07-15,7.666666666666667,85.67714013043478,,,,,,64.40243902439025,0.0,0.0,128.0,0.0,4.760175,54.701,165.0,0.0,8.311,39.59,99.0,0.0,0.0,0.0,88.39033333333333,405.429,447.589,703.14,25240.162
203,2018-07-16,7.233333333333333,91.013824,,,,,,60.2125,0.0,0.0,,,,,,,,,,,,,,,,,
204,2018-07-17,8.316666666666666,91.6,,,,,,62.0655737704918,0.0,0.0,128.0,0.0,0.0,,174.0,0.0,,,75.0,0.0,0.0,0.0,70.93973333333334,0.0,0.0,377.364,0.0
205,2018-07-18,6.916666666666667,90.38461,,,,,,61.49333333333333,66.0,0.0,129.0,0.0,0.0,,178.0,0.0,,,82.0,0.0,0.0,0.0,48.999633333333335,0.0,0.0,260.664,0.0
206,2018-07-19,8.283333333333333,91.967865,,,,,,57.78787878787879,0.0,0.0,,,0.0,,,,,,,0.0,0.0,0.0,10.0,0.0,0.0,84.0,0.0
207,2018-07-20,9.133333333333333,91.60584,,,,,,58.63492063492063,0.0,0.0,149.0,133.58736000000002,2.4381006000000003,76.53,180.0,177.601,4.532,20.286,104.0,0.0,0.0,0.0,29.259016666666668,1043.382,1056.72,427.148,4272.92
208,2018-07-21,8.183333333333334,90.2439,,,,,,57.682539682539684,69.0,0.0,129.0,0.0,5.6027923,120.07,158.0,0.0,10.018,68.975,88.0,0.0,0.0,0.0,137.85888333333332,1490.045,1155.035,1298.187,46331.586
209,2018-07-22,10.366666666666667,87.73113249999999,,,,,,57.27142857142857,0.0,0.0,,,,,,,,,,,,,,,,,
210,2018-07-23,6.483333333333333,88.97436,,,,,,58.104166666666664,0.0,0.0,132.0,0.0,0.0,,177.0,0.0,,,91.0,0.0,0.0,0.0,98.58266666666667,0.0,0.0,647.625,0.0
211,2018-07-24,6.95,89.43489,,,,,,58.57627118644068,73.0,0.0,,,,,,,,,,,,,,,,,
212,2018-07-25,6.233333333333333,92.26667,,,,,,58.48275862068966,0.0,0.0,121.0,0.0,0.0,,167.0,0.0,,,85.0,0.0,0.0,0.0,55.38666666666666,0.0,0.0,294.651,0.0
213,2018-07-26,8.316666666666666,89.77956400000002,,,,,,56.04255319148936,0.0,0.0,,,,,,,,,,,,,,,,,
214,2018-07-27,7.65,92.82609,,,,,,63.070422535211264,74.0,0.0,122.0,0.0,0.0,,165.0,0.0,,,84.0,0.0,0.0,0.0,86.80238333333334,0.0,0.0,461.776,0.0
215,2018-07-28,8.683333333333334,90.804596,,,,,,58.07692307692308,0.0,0.0,,,,,,,,,,,,,,,,,
216,2018-07-29,7.083333333333333,89.90610500000003,,,,,,59.34782608695652,77.0,0.0,0.0,123.91161,2.1423686,,0.0,163.69583,2.7222223,,0.0,0.0,0.0,0.0,31.780716666666667,0.0,0.0,302.23,3729.92
217,2018-07-30,6.716666666666667,86.84863,,,,,,62.47826086956522,0.0,0.0,117.0,0.0,0.0,,145.0,0.0,,,84.0,0.0,0.0,0.0,56.706266666666664,0.0,0.0,301.468,0.0
218,2018-07-31,9.866666666666667,89.90953946116505,,,,,,60.02325581395349,70.0,0.0,,,0.0,,,,,,,0.0,0.0,0.0,20.0,0.0,0.0,168.0,0.0
219,2018-08-01,8.266666666666667,89.93964,,,,,,58.303030303030305,0.0,0.0,,,,,,,,,,,,,,,,,
220,2018-08-02,8.216666666666667,88.43813,,,,,,61.8955223880597,0.0,0.0,106.0,0.0,0.0,,131.0,0.0,,,64.0,0.0,0.0,0.0,8.0831,0.0,0.0,42.923,0.0
221,2018-08-03,8.4,86.930695,,,,,,62.37931034482759,0.0,0.0,118.0,0.0,0.0,,152.0,0.0,,,68.0,0.0,0.0,0.0,92.86613333333332,0.0,0.0,586.369,0.0
222,2018-08-04,7.866666666666666,89.21776,,,,,,59.433734939759034,0.0,0.0,0.0,0.0,,,0.0,0.0,,,0.0,0.0,0.0,0.0,19.602316666666667,0.0,0.0,107.99,0.0
223,2018-08-05,8.4,89.92697315476191,,,,,,63.40909090909091,0.0,0.0,0.0,125.45365,2.1163452,,0.0,169.0195,2.75,,0.0,0.0,0.0,0.0,31.8524,0.0,0.0,316.44,3708.012
224,2018-08-06,10.416666666666666,88.919655,,,,,,58.87837837837838,52.0,0.0,,,,,,,,,,,,,,,,,
225,2018-08-07,6.6,86.39799000000002,,,,,,62.23529411764706,0.0,0.0,,,0.66526425,136.14052,,,7.782914999999999,106.77429,,28.061485,0.0,50.47563,93.44788333333332,185.0,69.0,394.0,5060.0
226,2018-08-08,8.666666666666666,88.29175,,,,,,62.37313432835821,0.0,0.0,59.5,0.0,0.0,,174.0,0.0,,,0.0,0.0,0.0,0.0,72.71936666666667,0.0,0.0,390.28,0.0
227,2018-08-09,7.566666666666666,82.64991711453744,,,,,,61.71621621621622,0.0,0.0,,,,,,,,,,,,,,,,,
228,2018-08-10,7.2,91.22402,,,,,,58.74647887323944,0.0,0.0,122.0,0.0,0.0,,183.0,0.0,,,77.0,0.0,0.0,0.0,45.94028333333333,0.0,0.0,244.364,0.0
229,2018-08-11,6.4,89.58333,,,,,,59.04545454545455,0.0,0.0,,,,,,,,,,,,,,,,,
230,2018-08-12,10.016666666666667,89.00432799999999,,,,,,61.013888888888886,0.0,0.0,181.0,143.08705,1.4500381000000002,42.25899999999999,220.0,157.832,3.725,17.515,113.0,0.0,0.0,0.0,44.83655,411.015,326.948,486.024,4319.498
231,2018-08-13,7.7,90.712746,,,,,,59.71186440677966,0.0,0.0,,,,,,,,,,,,,,,,,
232,2018-08-14,7.033333333333333,89.756096,,,,,,60.0,0.0,0.0,,,,,,,,,,,,,,,,,
233,2018-08-15,7.833333333333333,87.47346,,,,,,60.813559322033896,0.0,0.0,,,,,,,,,,,,,,,,,
234,2018-08-16,7.65,84.5811645751634,,,,,,57.98039215686274,0.0,0.0,,,,,,,,,,,,,,,,,
235,2018-08-17,7.966666666666667,90.18789,,,,,,61.75714285714286,0.0,0.0,,,,,,,,,,,,,,,,,
236,2018-08-18,9.016666666666667,84.70468073936846,,,,,,59.943820224719104,61.0,0.0,,,,,,,,,,,,,,,,,
237,2018-08-19,1.9666666666666666,89.91597,,,,,,66.47222222222223,0.0,0.0,,,,,,,,,,,,,,,,,
238,2018-08-20,7.433333333333334,89.709175,,,,,,61.53333333333333,0.0,0.0,,,,,,,,,,,,,,,,,
239,2018-08-21,10.416666666666666,89.06422,,,,,,59.46153846153846,0.0,0.0,,,,,,,,,,,,,,,,,
240,2018-08-22,6.916666666666667,83.15502901204418,,,,,,61.87234042553192,0.0,0.0,,,,,,,,,,,,,,,,,
241,2018-08-23,7.183333333333334,87.61905,,,,,,61.79032258064516,0.0,0.0,,,,,,,,,,,,,,,,,
242,2018-08-24,6.266666666666667,90.71619,,,,,,60.657534246575345,68.0,0.0,0.0,0.0,,,0.0,0.0,,,0.0,0.0,0.0,0.0,13.207483333333334,0.0,0.0,147.923,0.0
243,2018-08-25,11.5,84.46204166666666,,,,,,58.01449275362319,0.0,0.0,0.0,0.0,1.5071973,,0.0,0.0,1.7222221999999998,,0.0,0.0,0.0,0.0,21.675433333333334,0.0,0.0,89.07,1554.12
244,2018-08-26,8.0,88.78773749999999,,,,,,58.58571428571429,0.0,0.0,,,,,,,,,,,,,,,,,
245,2018-08-27,9.8,84.07299317510547,,,,,,60.067796610169495,70.0,0.0,,,,,,,,,,,,,,,,,
246,2018-08-28,7.05,91.037735,,,,,,64.46938775510205,64.0,0.0,0.0,0.0,1.5864497,,0.0,0.0,1.7222221999999998,,0.0,0.0,0.0,0.0,14.23635,0.0,0.0,64.58,1160.65
247,2018-08-29,7.266666666666667,89.47369,,,,,,63.71621621621622,0.0,0.0,,,,,,,,,,,,,,,,,
248,2018-08-30,9.316666666666666,86.39421550983602,,,,,,61.04225352112676,0.0,0.0,,,,,,,,,,,,,,,,,
249,2018-08-31,8.8,93.876372,,,,,,60.39393939393939,0.0,0.0,120.0,0.0,0.0,,164.0,0.0,,,75.0,0.0,0.0,0.0,49.40651666666667,0.0,0.0,262.752,0.0
250,2018-09-01,9.15,87.51833500000001,,,,,,67.0561797752809,0.0,0.0,,,,,,,,,,,,,,,,,
251,2018-09-02,8.616666666666667,86.65377,,,,,,61.11538461538461,0.0,0.0,78.0,71.818735,1.3661978000000001,41.092,183.0,166.671,4.025,14.16,0.0,0.0,0.0,0.0,27.062399999999997,324.696,361.995,349.19511392000004,4412.543
252,2018-09-03,9.783333333333333,86.54173,,,,,,63.478873239436616,0.0,0.0,,,1.5916728999999998,,,,2.1388888,,,0.0,0.0,0.0,12.001,0.0,0.0,58.58,1146.1
253,2018-09-04,6.716666666666667,87.87129,,,,,,65.43076923076923,0.0,0.0,132.0,0.0,0.0,,214.0,0.0,,,80.0,0.0,0.0,0.0,63.57013333333333,0.0,0.0,337.942,0.0
254,2018-09-05,8.716666666666667,88.91013000000002,,,,,,63.9,0.0,0.0,,,,,,,,,,,,,,,,,
255,2018-09-06,7.733333333333333,87.30500896551725,,,,,,65.25301204819277,83.0,0.0,127.0,0.0,0.0,,164.0,0.0,,,82.0,0.0,0.0,0.0,58.806983333333335,0.0,0.0,312.8520000000001,0.0
256,2018-09-07,7.916666666666667,90.336136,,,,,,68.3030303030303,0.0,0.0,,,,,,,,,,,,,,,,,
257,2018-09-08,6.4,91.94805,,,,,,64.90384615384616,0.0,0.0,,,,,,,,,,,,,,,,,
258,2018-09-09,7.4,80.99272066393442,,,,,,61.74418604651163,0.0,0.0,,,,,,,,,,,,,,,,,
259,2018-09-10,8.283333333333333,92.36948,,,,,,61.4320987654321,0.0,0.0,,,,,,,,,,,,,,,,,
260,2018-09-11,9.783333333333333,93.14580749999999,,,,,,62.78409090909091,0.0,0.0,,,0.0,,,,,,,0.0,0.0,0.0,20.0,0.0,0.0,168.0,0.0
261,2018-09-12,5.383333333333334,87.96296,,,,,,64.06756756756756,0.0,0.0,,,,,,,,,,,,,,,,,
262,2018-09-13,7.733333333333333,91.594826,,,,,,66.26190476190476,0.0,0.0,124.0,0.0,0.0,,189.0,0.0,,,77.0,0.0,0.0,0.0,67.06341666666667,0.0,0.0,356.7530000000001,0.0
263,2018-09-14,8.2,91.27789,,,,,,63.48235294117647,0.0,0.0,,,,,,,,,,,,,,,,,
264,2018-09-15,9.75,91.67770999999999,,,,,,61.348314606741575,69.0,0.0,,,,,,,,,,,,,,,,,
265,2018-09-16,7.666666666666667,87.91036702173913,,,,,,62.63,0.0,0.0,163.0,138.02708,2.8088338,8.748,190.0,189.777,4.157,-20.097,76.0,0.0,0.0,0.0,26.733883333333335,807.303,803.018,378.713,4505.462
266,2018-09-17,6.833333333333333,89.26829000000002,,,,,,64.51515151515152,0.0,0.0,64.0,0.0,0.7521956,,157.0,0.0,1.9444444,,0.0,0.0,0.0,0.0,67.4195,0.0,0.0,349.949,908.05
267,2018-09-18,7.4,89.66292,,,,,,63.90909090909091,0.0,0.0,,,,,,,,,,,,,,,,,
268,2018-09-19,7.966666666666667,79.35432043933055,,,,,,65.56962025316456,0.0,0.0,73.5,0.0,0.7709453,,220.0,0.0,1.6111112,,0.0,0.0,0.0,0.0,52.93321666666667,0.0,0.0,273.86400000000003,1029.98
269,2018-09-20,9.033333333333333,90.05525,,,,,,63.906976744186046,0.0,0.0,0.0,0.0,,,0.0,0.0,,,0.0,0.0,0.0,0.0,10.0,0.0,0.0,112.0,0.0
270,2018-09-21,7.4,90.54054,,,,,,63.66233766233766,0.0,0.0,0.0,0.0,,,0.0,0.0,,,0.0,0.0,0.0,0.0,27.1543,0.0,0.0,168.04,0.0
271,2018-09-22,9.7,92.10977,,,,,,60.345238095238095,66.0,0.0,,,,,,,,,,,,,,,,,
272,2018-09-23,9.1,85.45357671477868,,,,,,61.84782608695652,70.0,0.0,172.0,144.56458999999995,3.1001892000000004,-4.363,220.0,179.554,4.627,-74.536,90.0,0.0,0.0,0.0,24.418816666666668,1013.538,1157.531,399.189,4542.053
273,2018-09-24,7.083333333333333,92.253525,,,,,,59.69117647058823,0.0,0.0,,,,,,,,,,,,,,,,,
274,2018-09-25,8.2,85.0283943902439,,,,,,62.43055555555556,0.0,0.0,128.0,0.0,0.0,,172.0,0.0,,,97.0,0.0,0.0,0.0,47.56248333333333,0.0,0.0,253.027,0.0
275,2018-09-26,7.183333333333334,90.74074,,,,,,62.17391304347826,0.0,0.0,0.0,0.0,,,0.0,0.0,,,0.0,0.0,0.0,0.0,10.126266666666666,0.0,0.0,48.84,0.0
276,2018-09-27,8.1,86.66956103703704,,,,,,60.5,0.0,0.0,,,,,,,,,,,,,,,,,
277,2018-09-28,8.366666666666667,80.92515854581673,,,,,,62.151898734177216,0.0,0.0,0.0,0.0,1.5225722,,0.0,0.0,2.0833333,,0.0,0.0,0.0,0.0,15.043616666666667,0.0,0.0,54.8,976.609
278,2018-09-29,11.7,86.50389777963272,,,,,,59.22222222222222,0.0,0.0,,,0.0,,,,,,,0.0,0.0,0.0,30.0,0.0,0.0,252.0,0.0
279,2018-09-30,9.366666666666667,85.976195088965,,,,,,56.142857142857146,0.0,0.0,,,,,,,,,,,,,,,,,
280,2018-10-01,6.8,89.73105,,,,,,62.025,0.0,0.0,,,,,,,,,,,,,,,,,
281,2018-10-02,7.4,95.73033,,,,,,56.64102564102564,0.0,0.0,,,0.0,,,,,,,0.0,0.0,0.0,40.0,0.0,0.0,336.0,0.0
282,2018-10-03,7.0,90.909096,,,,,,59.73770491803279,0.0,0.0,0.0,85.1238,2.1378493,,0.0,149.0,2.5,,0.0,0.0,0.0,0.0,15.224883333333333,0.0,0.0,158.0,1240.4489999999996
283,2018-10-04,10.016666666666666,92.855785,,,,,,56.18292682926829,0.0,0.0,,,,,,,,,,,,,,,,,
284,2018-10-05,6.433333333333334,92.24806,,,,,,64.29333333333334,0.0,0.0,127.0,0.0,0.0,,182.0,0.0,,,85.0,0.0,0.0,0.0,76.76728333333334,0.0,0.0,408.337,0.0
285,2018-10-06,12.200000000000001,91.08139750000001,,,,,,63.41284403669725,55.0,0.0,119.0,0.0,0.0,,147.0,0.0,,,87.0,0.0,0.0,0.0,86.56926666666666,0.0,0.0,552.886,0.0
286,2018-10-07,9.35,84.23773,,,,,,59.65,0.0,0.0,,,,,,,,,,,,,,,,,
287,2018-10-08,6.9,91.56626,,,,,,57.42168674698795,0.0,0.0,,,,,,,,,,,,,,,,,
288,2018-10-09,8.1,87.87591,,,,,,63.225352112676056,68.0,0.0,135.0,0.0,0.0,,172.0,0.0,,,72.0,0.0,0.0,0.0,74.81121666666667,0.0,0.0,490.36400000000003,0.0
289,2018-10-10,7.05,88.17967,,,,,,62.85,70.0,0.0,,,,,,,,,,,,,,,,,
290,2018-10-11,6.883333333333334,86.71497,,,,,,61.22857142857143,0.0,0.0,,,0.0,,,,,,,0.0,0.0,0.0,30.0,0.0,0.0,252.0,0.0
291,2018-10-12,7.0,90.49881,,,,,,60.58571428571429,0.0,0.0,132.0,0.0,0.0,,219.0,0.0,,,80.0,0.0,0.0,0.0,70.54865,0.0,0.0,375.252,0.0
292,2018-10-13,9.383333333333333,92.028984,,,,,,57.6986301369863,0.0,0.0,,,,,,,,,,,,,,,,,
293,2018-10-14,8.1,91.87242623868313,,,,,,56.0377358490566,74.0,0.0,,,,,,,,,,,,,,,,,
294,2018-10-15,7.533333333333333,92.494484,,,,,,58.60377358490566,0.0,0.0,,,0.0,,,,,,,0.0,0.0,0.0,30.0,0.0,0.0,252.0,0.0
295,2018-10-16,6.366666666666666,91.38381,,,,,,60.19047619047619,82.0,0.0,62.5,0.0,0.76368975,,209.0,0.0,1.7777778000000002,,0.0,0.0,0.0,0.0,53.79911666666666,0.0,0.0,275.873,1064.119
296,2018-10-17,9.083333333333334,93.589745,,,,,,60.67605633802817,0.0,0.0,139.0,0.0,0.0,,220.0,0.0,,,76.0,0.0,0.0,0.0,55.76571666666667,0.0,0.0,296.553,0.0
297,2018-10-18,7.983333333333333,82.85988018789143,,,,,,57.58730158730159,0.0,0.0,,,,,,,,,,,,,,,,,
298,2018-10-19,8.6,93.1491855,,,,,,63.92063492063492,0.0,0.0,,,0.0,,,,,,,0.0,0.0,0.0,35.0,0.0,0.0,294.0,0.0
299,2018-10-20,7.3,93.849655,,,,,,60.114754098360656,0.0,0.0,124.0,0.0,0.0,,154.0,0.0,,,78.0,0.0,0.0,0.0,45.169533333333334,0.0,0.0,240.252,0.0
300,2018-10-21,9.866666666666667,90.09025999999999,,,,,,57.957142857142856,0.0,0.0,,,,,,,,,,,,,,,,,
301,2018-10-22,6.7,93.03483,,,,,,59.407407407407405,0.0,0.0,0.0,0.0,1.5849553,,0.0,0.0,1.6944444,,0.0,0.0,0.0,0.0,15.505033333333333,0.0,0.0,65.35,1095.55
302,2018-10-23,10.266666666666667,92.6236,,,,,,57.88059701492537,0.0,0.0,,,0.0,,,,,,,0.0,0.0,0.0,30.0,0.0,0.0,252.0,0.0
303,2018-10-24,9.366666666666667,92.36234,,,,,,57.70175438596491,0.0,0.0,0.0,0.0,1.5955986,,0.0,0.0,1.8888888,,0.0,0.0,0.0,0.0,12.36145,0.0,0.0,56.26,911.579
304,2018-10-25,6.783333333333333,95.34314,,,,,,57.3859649122807,0.0,0.0,,,0.0,,,,,,,0.0,0.0,0.0,45.0,0.0,0.0,378.0,0.0
305,2018-10-26,9.9,92.25589,,,,,,60.55555555555556,0.0,0.0,119.0,0.0,0.0,,158.0,0.0,,,78.0,0.0,0.0,0.0,61.88535,0.0,0.0,329.081,0.0
306,2018-10-27,11.066666666666666,92.26343,,,,,,59.4375,0.0,0.0,0.0,0.0,0.0,,0.0,0.0,,,0.0,0.0,0.0,0.0,55.959916666666665,0.0,0.0,436.38,0.0
307,2018-10-28,7.7,92.00864,,,,,,57.50847457627118,0.0,0.0,0.0,0.0,0.97971415,,0.0,0.0,2.25,,0.0,0.0,0.0,0.0,42.637366666666665,0.0,0.0,371.75,1401.35
308,2018-10-29,7.483333333333333,93.98663,,,,,,60.714285714285715,0.0,0.0,129.0,0.0,0.0,,174.0,0.0,,,83.0,0.0,0.0,0.0,56.20061666666667,0.0,0.0,298.944,0.0
309,2018-10-30,7.0,91.2114,,,,,,60.89230769230769,0.0,0.0,,,,,,,,,,,,,,,,,
310,2018-10-31,7.066666666666666,92.96740484433963,,,,,,63.17460317460318,0.0,0.0,123.0,0.0,0.0,,161.0,0.0,,,81.0,0.0,0.0,0.0,52.5005,0.0,0.0,279.253,0.0
311,2018-11-01,8.316666666666666,86.17153036198718,,,,,,60.957142857142856,0.0,0.0,,,,,,,,,,,,,,,,,
312,2018-11-02,8.616666666666667,93.11809500000001,,,,,,55.80281690140845,0.0,0.0,,,,,,,,,,,,,,,,,
313,2018-11-03,7.7,94.03931700000001,,,,,,60.31578947368421,0.0,0.0,,,0.0,,,,,,,0.0,0.0,0.0,40.0,0.0,0.0,336.0,0.0
314,2018-11-04,8.066666666666666,92.98969,,,,,,57.71641791044776,64.0,0.0,,,,,,,,,,,,,,,,,
315,2018-11-05,8.166666666666666,91.224495,,,,,,64.14666666666666,0.0,0.0,135.0,0.0,0.0,,171.0,0.0,,,95.0,0.0,0.0,0.0,99.19943333333333,0.0,0.0,650.875,0.0
316,2018-11-06,10.45,89.49044,,,,,,58.43055555555556,0.0,0.0,0.0,0.0,1.5550165,,0.0,0.0,1.9722222,,0.0,0.0,0.0,0.0,12.953216666666666,0.0,0.0,55.78,977.23
317,2018-11-07,7.783333333333333,90.17094,,,,,,57.98360655737705,0.0,0.0,0.0,0.0,1.5935841,,0.0,0.0,1.7228703,,0.0,0.0,0.0,0.0,12.218666666666667,0.0,0.0,54.18,947.833
318,2018-11-08,6.933333333333334,90.625,,,,,,61.26315789473684,0.0,0.0,,,,,,,,,,,,,,,,,
319,2018-11-09,10.666666666666666,90.48362,,,,,,58.55294117647059,0.0,0.0,,,,,,,,,,,,,,,,,
320,2018-11-10,8.183333333333334,89.61303000000002,,,,,,60.25352112676056,0.0,0.0,,,,,,,,,,,,,,,,,
321,2018-11-11,7.866666666666666,88.58351,,,,,,58.15,0.0,0.0,,,,,,,,,,,,,,,,,
322,2018-11-12,8.2,88.2353,,,,,,58.56060606060606,0.0,0.0,0.0,0.0,1.5173674,,0.0,0.0,2.0,,0.0,0.0,0.0,0.0,16.4321,0.0,0.0,76.93,1174.468
323,2018-11-13,8.5,85.72198060784314,,,,,,62.1764705882353,0.0,0.0,123.0,0.0,0.0,,170.0,0.0,,,83.0,0.0,0.0,0.0,77.51113333333333,0.0,0.0,412.359,0.0
324,2018-11-15,7.35,93.66516,,,,,,60.05128205128205,0.0,0.0,0.0,0.0,1.5565823,,0.0,0.0,1.75,,0.0,0.0,0.0,0.0,28.579583333333332,0.0,0.0,137.48,2284.343
325,2018-11-16,8.416666666666666,91.68317,,,,,,60.333333333333336,0.0,0.0,,,0.0,,,,,,,0.0,0.0,0.0,45.0,0.0,0.0,378.0,0.0
326,2018-11-17,10.783333333333333,90.266435,,,,,,59.333333333333336,0.0,0.0,0.0,0.0,,,0.0,0.0,,,0.0,0.0,0.0,0.0,13.77255,0.0,0.0,84.03,0.0
327,2018-11-18,6.5,91.81586,,,,,,60.25352112676056,70.0,0.0,125.0,0.0,0.0,,163.0,0.0,,,78.0,0.0,0.0,0.0,62.8334,0.0,0.0,334.271,0.0
328,2018-11-19,8.866666666666667,87.80488000000003,,,,,,62.78048780487805,0.0,0.0,0.0,0.0,1.5708691,,0.0,0.0,1.8611112,,0.0,0.0,0.0,0.0,15.606066666666667,0.0,0.0,74.43,1038.682
329,2018-11-20,7.583333333333333,83.36537105494506,,,,,,62.11594202898551,0.0,0.0,,,0.0,,,,,,,0.0,0.0,0.0,35.0,0.0,0.0,294.0,0.0
330,2018-11-21,9.083333333333334,86.6186419779786,,,,,,60.61643835616438,0.0,0.0,0.0,0.0,1.6034032,,0.0,0.0,1.8055556,,0.0,0.0,0.0,0.0,12.128716666666667,0.0,0.0,54.07,924.678
331,2018-11-22,7.6,92.341354,,,,,,59.67123287671233,0.0,0.0,,,0.0,,,,,,,0.0,0.0,0.0,50.0,0.0,0.0,420.0,0.0
332,2018-11-23,8.633333333333333,89.980736,,,,,,63.42307692307692,0.0,0.0,0.0,0.0,1.5178897,,0.0,0.0,1.8055556,,0.0,0.0,0.0,0.0,27.212716666666665,0.0,0.0,116.78999999999999,2003.38
333,2018-11-24,9.533333333333335,92.38156000000001,,,,,,62.68421052631579,0.0,0.0,130.0,0.0,0.0,,157.0,0.0,,,85.0,0.0,0.0,0.0,72.28108333333333,0.0,0.0,384.517,0.0
334,2018-11-25,8.033333333333333,91.30435,,,,,,64.78021978021978,0.0,0.0,122.0,0.0,0.0,,177.0,0.0,,,55.0,0.0,0.0,0.0,59.87213333333333,0.0,0.0,318.507,0.0
335,2018-11-26,8.25,92.1371,,,,,,61.38028169014085,0.0,0.0,,,,,,,,,,,,,,,,,
336,2018-11-27,7.966666666666667,90.18789,,,,,,61.661764705882355,0.0,0.0,0.0,0.0,1.577865,,0.0,0.0,1.8055556,,0.0,0.0,0.0,0.0,17.641583333333333,0.0,0.0,85.81,1304.73
337,2018-11-28,8.783333333333333,89.393936,,,,,,61.9344262295082,0.0,0.0,0.0,0.0,1.6369411,,0.0,0.0,1.7777778000000002,,0.0,0.0,0.0,0.0,12.78765,0.0,0.0,57.68,967.139
338,2018-11-29,9.183333333333334,88.19932,,2128.0,1589.0469949999992,92.0499995,1.4978285882352944,58.54761904761905,0.0,0.0,,,0.0,,,,,,,0.0,0.0,0.0,40.0,0.0,0.0,336.0,0.0
339,2018-11-30,7.216666666666667,90.78341,,3321.0,2428.289000000001,139.92000008,1.320455208791209,57.383720930232556,0.0,0.0,,,,,,,,,,,,,,,,,
340,2018-12-01,10.983333333333334,90.731145,,2452.0,1764.3630099999998,116.44999927000003,1.4693529297297303,60.504950495049506,60.0,0.0,121.0,0.0,0.0,,159.0,0.0,,,79.0,0.0,0.0,0.0,73.50088333333333,0.0,0.0,390.887,0.0
341,2018-12-02,6.966666666666667,92.36277,,9707.0,7802.186004700001,526.02999957,1.4955097849315075,61.36904761904762,0.0,0.0,135.5,71.788065,1.4800229,230.634,168.0,155.289,3.961,216.375,89.0,0.0,0.0,0.0,35.76368333333333,69.83,47.878,306.552,2732.519
342,2018-12-03,8.233333333333333,90.50505,,7705.0,5758.701050000002,360.08999768999996,1.4120909345989308,60.493506493506494,0.0,0.0,119.0,0.0,0.0,,157.0,0.0,,,88.0,0.0,0.0,0.0,32.33605,0.0,0.0,171.919,0.0
343,2018-12-04,9.316666666666666,89.83489713774597,,5494.0,4182.850050199998,243.8499969299999,1.4723239797260284,58.435483870967744,70.0,0.0,,,,,,,,,,,,,,,,,
344,2018-12-05,8.083333333333334,89.08678488659794,,6880.0,5123.687021500001,336.43999310000004,1.4639283039215674,60.51282051282051,0.0,0.0,,,,,,,,,,,,,,,,,
345,2018-12-06,7.916666666666667,88.90433035789474,,2468.0,1819.1740000000002,108.37999999999998,1.3887309244791666,61.20634920634921,0.0,0.0,,,0.0,,,,,,,0.0,0.0,0.0,44.0,0.0,0.0,369.0,0.0
346,2018-12-07,8.566666666666666,91.84466,,2878.0,2159.258,127.10000000000004,1.4333426613402067,58.53947368421053,0.0,0.0,,,,,,,,,,,,,,,,,
347,2018-12-08,8.433333333333334,94.67456,,8498.0,6877.804961999999,449.9209943400001,1.6001987950920253,61.57142857142857,81.0,0.0,0.0,0.0,1.01637755,,0.0,0.0,4.138889,,0.0,0.0,0.0,0.0,57.11383333333333,0.0,0.0,450.40999999999997,942.481
348,2018-12-09,10.016666666666667,91.2106018968386,,4714.0,3663.710075999999,205.3489907,1.5510553042735045,56.76190476190476,54.0,0.0,,,,,,,,,,,,,,,,,
349,2018-12-10,9.6,89.78705793402777,,4788.0,3524.952,223.15100000000015,1.427263047651515,60.57303370786517,0.0,0.0,127.0,0.0,0.0,,175.0,0.0,,,90.0,0.0,0.0,0.0,65.77261666666666,0.0,0.0,349.899,0.0
350,2018-12-11,8.2,91.85803,,16315.0,12402.380031499992,788.0909938599997,1.437202245644599,60.04,55.0,0.0,130.0,0.0,0.0,,183.0,0.0,,,83.0,0.0,0.0,0.0,48.773133333333334,0.0,0.0,259.387,0.0
351,2018-12-12,8.933333333333334,90.130356,,3372.0,2491.7740033000005,150.29000002000004,1.3837985162135922,58.25,0.0,0.0,122.0,0.0,0.0,,155.0,0.0,,,89.0,0.0,0.0,0.0,53.951616666666666,0.0,0.0,286.916,0.0
352,2018-12-13,7.4,87.64045,,16787.0,12923.730993599993,783.60998838,1.5696606672354958,60.36842105263158,0.0,0.0,,,,,,,,,,,,,,,,,
353,2018-12-14,7.6,93.43545,,14462.0,10707.849994999997,704.0599972900004,1.494432358371041,59.298507462686565,70.0,0.0,0.0,0.0,0.75299895,,0.0,0.0,1.7222221999999998,,0.0,0.0,0.0,0.0,57.24966666666667,0.0,0.0,417.44,1210.28
354,2018-12-15,9.45,82.75148536155203,,3290.0,2460.7899959999986,148.2599998,1.416537298019802,59.901234567901234,0.0,0.0,120.0,0.0,0.0,,156.0,0.0,,,86.0,0.0,0.0,0.0,72.00203333333333,0.0,0.0,382.917,0.0
355,2018-12-16,9.316666666666666,89.54128,,5420.0,4234.480002000002,243.57999700000005,1.587095218791946,57.08641975308642,0.0,0.0,,,,,,,,,,,,,,,,,
356,2018-12-17,8.85,90.01883000000002,,8401.0,6489.320122999997,412.78000069,1.5323465824766354,57.37837837837838,0.0,0.0,,,,,,,,,,,,,,,,,
357,2018-12-18,6.733333333333333,89.87654,,17967.0,13894.696954299992,915.7799996299998,1.5304787036231882,63.5,72.0,0.0,39.333333333333336,0.0,0.824104675,,205.0,0.0,2.3055556,,0.0,0.0,0.0,0.0,124.84258333333332,0.0,0.0,749.567,2322.178
358,2018-12-19,8.416666666666666,91.30435,,5284.0,3871.0309880000023,231.51999798999995,1.4075534845588238,59.42307692307692,72.0,0.0,,,,,,,,,,,,,,,,,
359,2018-12-20,7.466666666666667,90.423164,,19782.0,15168.556982899998,1014.2799890299995,1.5288288457999997,63.06849315068493,83.0,0.0,63.0,0.0,0.7534378,,213.0,0.0,1.6666666,,0.0,0.0,0.0,0.0,67.62886666666667,0.0,0.0,345.623,1248.442
360,2018-12-21,9.366666666666667,90.94139,,3338.0,2448.6310000000003,176.59999999999997,1.376936860227273,59.38805970149254,0.0,0.0,,,,,,,,,,,,,,,,,
361,2018-12-22,8.233333333333333,90.890686,,14213.0,10916.261970400003,627.5709984999999,1.5431018728472217,59.666666666666664,62.0,0.0,,,0.0,,,,,,,0.0,0.0,0.0,40.0,0.0,0.0,336.0,0.0
362,2018-12-23,9.783333333333333,90.97104,,4718.0,3461.446970000001,223.46999920000002,1.4512383508620692,57.51578947368421,68.0,0.0,,,,,,,,,,,,,,,,,
363,2018-12-24,8.366666666666667,89.662025,,10949.0,8256.345018299997,465.2399962299998,1.5065466280894306,56.971830985915496,59.0,0.0,,,,,,,,,,,,,,,,,
364,2018-12-25,7.35,90.04525,,4012.0,2993.0970039999993,171.32999980000002,1.4068003792792796,57.573170731707314,65.0,0.0,,,,,,,,,,,,,,,,,
365,2018-12-26,9.35,91.1032,,13255.0,9962.9999862,645.1509971100005,1.4740182397580652,60.67123287671233,70.0,0.0,141.0,0.0,0.0,,181.0,0.0,,,57.0,0.0,0.0,0.0,74.68903333333333,0.0,0.0,397.26,0.0
366,2018-12-27,8.366666666666667,89.86083,,6047.0,4307.0900070000025,295.1290000400001,1.421371350292398,59.11764705882353,70.0,0.0,,,,,,,,,,,,,,,,,
367,2018-12-28,8.45,92.14070495463181,,16058.0,11476.32196200001,667.5999935900003,1.3072781703557315,57.015625,53.0,0.0,0.0,0.0,,,0.0,0.0,,,0.0,0.0,0.0,0.0,10.75,0.0,0.0,59.66,0.0
368,2018-12-29,11.366666666666667,87.37564,,5200.0,3916.1140029999992,227.33000044999994,1.4444629778523481,57.13559322033898,62.0,0.0,0.0,0.0,0.0,,0.0,0.0,,,0.0,0.0,0.0,0.0,36.366366666666664,0.0,0.0,273.77,0.0
369,2018-12-30,7.333333333333333,90.022675,,20825.0,15360.020156800001,875.6309814700004,1.3764922500867063,56.763888888888886,63.0,0.0,,,,,,,,,,,,,,,,,
370,2018-12-31,8.733333333333334,93.105942,,7285.0,5511.365019400002,313.1909974400001,1.4596893074285713,56.5,0.0,0.0,,,0.0,,,,,,,0.0,0.0,0.0,15.0,0.0,0.0,126.0,0.0
371,2019-01-01,8.316666666666666,91.2,,5108.0,3696.322003999999,241.65999923000015,1.4358687621052628,59.0125,72.0,0.0,,,,,,,,,,,,,,,,,
372,2019-01-02,2.533333333333333,89.61056851851852,,14000.0,10528.649922999999,713.7899989499999,1.463927694206009,61.08450704225352,86.0,0.0,135.0,0.0,0.0,,220.0,0.0,,,75.0,0.0,0.0,0.0,62.21046666666667,0.0,0.0,330.8040000000001,0.0
