,altitude_loss,max_altitude,count,altitude_gain,duration,deviceuuid,max_heart_rate,mean_heart_rate,max_cadence,time_offset,incline_distance,exercise_type,decline_distance,max_speed,calorie,mean_cadence,mean_speed,min_altitude,min_heart_rate,count_type,distance,local_start_time,local_end_time
1,,,0.0,,30.0,jQfnryI8/B,,,,UTC-0500,,swimming,,,252.0,,0.0,,,repetition,0.0,2018-01-27 09:38:00.000,2018-01-27 10:08:00.000
6,,,,,11.721466666666666,F/D7+hL5E5,0.0,0.0,0.0,UTC-0400,,custom,,,65.85,0.0,,,0.0,nan,,2018-08-08 17:10:50.944,2018-08-08 17:22:34.232
7,,,,,14.8281,F/D7+hL5E5,0.0,0.0,0.0,UTC-0500,,cycling,,,166.074,0.0,,,0.0,nan,,2018-02-24 13:35:13.243,2018-02-24 13:50:02.929
11,,,,,10.632983333333334,jQfnryI8/B,,,,UTC-0400,,walking,,3.5833333,66.03,,1.5214293,,,nan,970.64,2018-05-01 17:35:24.000,2018-05-01 17:46:01.000
17,,,,,68.92525,F/D7+hL5E5,220.0,140.0,0.0,UTC-0800,0.0,custom,0.0,,366.661,0.0,0.0,,79.0,nan,0.0,2017-12-29 12:32:24.297,2017-12-29 13:41:21.980
18,,69.291,,,29.746716666666668,F/D7+hL5E5,179.0,153.0,201.329,UTC-0400,297.308,running,301.618,4.4,338.6690000000001,135.27759,2.5847423,41.455,92.0,nan,4609.743,2018-05-17 07:09:41.010,2018-05-17 07:41:46.758
25,,,0.0,,45.0,jQfnryI8/B,,,,UTC-0500,,swimming,,,378.0,,0.0,,,repetition,0.0,2018-11-16 07:01:00.000,2018-11-16 07:46:00.000
31,,,,,12.637366666666667,F/D7+hL5E5,0.0,0.0,0.0,UTC-0400,,walking,,2.25,86.75,0.0,1.9594283,,0.0,nan,1401.35,2018-10-28 07:31:43.374,2018-10-28 07:44:21.616
34,,,0.0,,20.0,jQfnryI8/B,,,,UTC-0500,,swimming,,,168.0,,0.0,,,repetition,0.0,2018-01-06 16:10:00.000,2018-01-06 16:30:00.000
35,,,0.0,,30.0,jQfnryI8/B,,,,UTC-0400,,swimming,,,252.0,,0.0,,,repetition,0.0,2018-04-24 07:56:00.000,2018-04-24 08:26:00.000
36,,,,,22.075833333333332,F/D7+hL5E5,0.0,0.0,0.0,UTC-0500,,walking,,2.0833333,115.07,0.0,1.5916224,,0.0,nan,2020.45,2018-01-06 16:39:51.135,2018-01-06 17:01:55.685
44,,,,,15.606066666666667,F/D7+hL5E5,0.0,0.0,0.0,UTC-0500,,walking,,1.8611112,74.43,0.0,1.5708691,,0.0,nan,1038.682,2018-11-19 17:31:37.522,2018-11-19 17:47:13.886
45,,,,,64.0363,F/D7+hL5E5,170.0,122.0,0.0,UTC-0400,0.0,custom,0.0,,340.67,0.0,0.0,,84.0,nan,0.0,2018-07-09 17:56:00.177,2018-07-09 19:00:04.849
50,,,,,58.806983333333335,F/D7+hL5E5,164.0,127.0,0.0,UTC-0400,0.0,custom,0.0,,312.8520000000001,0.0,0.0,,82.0,nan,0.0,2018-09-06 19:01:30.196,2018-09-06 20:00:20.037
53,,,,,48.999633333333335,F/D7+hL5E5,178.0,129.0,0.0,UTC-0400,0.0,custom,0.0,,260.664,0.0,0.0,,82.0,nan,0.0,2018-07-18 18:02:35.681,2018-07-18 18:51:38.395
54,,,,,56.706266666666664,F/D7+hL5E5,145.0,117.0,0.0,UTC-0400,0.0,custom,0.0,,301.468,0.0,0.0,,84.0,nan,0.0,2018-07-30 17:38:48.056,2018-07-30 18:35:32.187
57,,,0.0,,30.0,jQfnryI8/B,,,,UTC-0400,,swimming,,,252.0,,0.0,,,repetition,0.0,2018-10-23 06:11:00.000,2018-10-23 06:41:00.000
60,,,,,67.06341666666667,F/D7+hL5E5,189.0,124.0,0.0,UTC-0400,0.0,custom,0.0,,356.7530000000001,0.0,0.0,,77.0,nan,0.0,2018-09-13 17:31:35.946,2018-09-13 18:38:41.967
61,,,0.0,,40.0,jQfnryI8/B,,,,UTC-0400,,cycling,,,380.0,,0.0,,,repetition,0.0,2018-06-26 20:01:00.000,2018-06-26 20:41:00.000
63,,76.53,,,29.259016666666668,F/D7+hL5E5,180.0,149.0,177.601,UTC-0400,1043.382,running,1056.72,4.532,427.148,133.58736000000002,2.4381006000000003,20.286,104.0,nan,4272.92,2018-07-20 08:04:43.174,2018-07-20 08:36:10.024
69,,,,,10.0,F/D7+hL5E5,0.0,0.0,0.0,UTC-0500,,cycling,,,112.0,0.0,,,0.0,nan,,2018-02-24 13:51:41.242,2018-02-24 14:01:41.242
71,,,0.0,,24.0,jQfnryI8/B,,,,UTC-0400,,swimming,,,201.0,,0.0,,,repetition,0.0,2018-04-21 07:22:00.000,2018-04-21 07:46:00.000
74,,,,,13.906133333333333,F/D7+hL5E5,0.0,0.0,0.0,UTC-0500,,walking,,1.8055556,56.08,0.0,1.5351576999999998,,0.0,nan,962.42,2018-11-23 08:01:40.368,2018-11-23 08:15:34.736
76,,,0.0,,30.0,jQfnryI8/B,,,,UTC-0500,,swimming,,,252.0,,0.0,,,repetition,0.0,2018-03-01 17:25:00.000,2018-03-01 17:55:00.000
77,,,0.0,,50.0,jQfnryI8/B,,,,UTC-0500,,swimming,,,420.0,,0.0,,,repetition,0.0,2018-11-22 06:54:00.000,2018-11-22 07:44:00.000
80,,,,,72.00203333333333,F/D7+hL5E5,156.0,120.0,0.0,UTC-0500,0.0,custom,0.0,,382.917,0.0,0.0,,86.0,nan,0.0,2018-12-15 11:40:56.106,2018-12-15 12:53:03.535
81,,,,,56.569266666666664,F/D7+hL5E5,147.0,119.0,0.0,UTC-0400,0.0,custom,0.0,,300.886,0.0,0.0,,87.0,nan,0.0,2018-10-06 18:14:46.597,2018-10-06 19:11:23.200
82,,,,,34.180683333333334,F/D7+hL5E5,214.0,137.0,0.0,UTC-0400,0.0,custom,0.0,,181.647,0.0,0.0,,80.0,nan,0.0,2018-09-04 17:16:39.697,2018-09-04 17:50:51.309
86,,,,,12.78765,F/D7+hL5E5,0.0,0.0,0.0,UTC-0500,,walking,,1.7777778000000002,57.68,0.0,1.6369411,,0.0,nan,967.139,2018-11-28 20:53:00.065,2018-11-28 21:05:47.324
87,,,,,11.366366666666666,F/D7+hL5E5,0.0,0.0,0.0,UTC-0500,,custom,,,63.77,0.0,,,0.0,nan,,2018-12-29 19:27:59.640,2018-12-29 19:39:21.622
96,,,,,0.13825,F/D7+hL5E5,70.0,70.0,0.0,UTC-0800,0.0,custom,0.0,,0.715,0.0,0.0,,69.0,nan,0.0,2017-12-29 12:15:21.996,2017-12-29 12:15:34.817
97,,,,,12.953216666666666,F/D7+hL5E5,0.0,0.0,0.0,UTC-0500,,walking,,1.9722222,55.78,0.0,1.5550165,,0.0,nan,977.23,2018-11-06 17:32:12.512,2018-11-06 17:45:09.705
100,,,,,17.249666666666666,F/D7+hL5E5,0.0,0.0,0.0,UTC-0500,,walking,,1.7222221999999998,81.44,0.0,1.5059979,,0.0,nan,1210.28,2018-12-14 18:01:51.457,2018-12-14 18:19:06.437
102,,,,,56.51988333333333,F/D7+hL5E5,161.0,128.0,0.0,UTC-0400,0.0,custom,0.0,,300.644,0.0,0.0,,88.0,nan,0.0,2018-05-31 16:56:44.351,2018-05-31 17:53:17.055
108,,,,,41.19195,F/D7+hL5E5,0.0,0.0,0.0,UTC-0500,,cycling,,,461.349,0.0,,,0.0,nan,,2018-02-24 12:47:46.997,2018-02-24 13:28:58.514
113,,,,,32.444066666666664,F/D7+hL5E5,170.0,115.0,0.0,UTC-0500,0.0,custom,0.0,,172.585,0.0,0.0,,72.0,nan,0.0,2018-02-03 10:30:52.690,2018-02-03 11:03:21.739
115,,,,,49.40651666666667,F/D7+hL5E5,164.0,120.0,0.0,UTC-0400,0.0,custom,0.0,,262.752,0.0,0.0,,75.0,nan,0.0,2018-08-31 18:58:07.537,2018-08-31 19:47:33.304
116,,,0.0,,20.0,jQfnryI8/B,,,,UTC-0400,,swimming,,,168.0,,0.0,,,repetition,0.0,2018-09-11 07:15:00.000,2018-09-11 07:35:00.000
120,,,0.0,,30.0,jQfnryI8/B,,,,UTC-0400,,swimming,,,252.0,,0.0,,,repetition,0.0,2018-10-15 07:33:00.000,2018-10-15 08:03:00.000
123,,,,,13.351133333333333,F/D7+hL5E5,0.0,0.0,0.0,UTC-0500,,walking,,2.5277777,68.02,0.0,1.5865733999999998,,0.0,nan,1022.341,2018-01-22 07:55:08.736,2018-01-22 08:08:29.804
124,,,0.0,,30.0,jQfnryI8/B,,,,UTC-0500,,swimming,,,252.0,,0.0,,,repetition,0.0,2018-02-15 07:25:00.000,2018-02-15 07:55:00.000
126,,,,,20.20395,F/D7+hL5E5,0.0,0.0,0.0,UTC-0500,,walking,,2.0277777,94.94,0.0,1.559613,,0.0,nan,1387.88,2018-12-18 18:33:50.484,2018-12-18 18:54:02.721
132,,,,,14.0689,F/D7+hL5E5,0.0,0.0,0.0,UTC-0400,,walking,,2.7222223,78.03,0.0,1.7042558999999995,,0.0,nan,1048.83,2018-03-19 07:34:13.778,2018-03-19 07:48:17.912
137,,,,,63.79638333333333,F/D7+hL5E5,167.0,120.0,0.0,UTC-0500,0.0,custom,0.0,,339.358,0.0,0.0,,71.0,nan,0.0,2018-02-09 06:26:59.810,2018-02-09 07:30:50.854
138,,,,,11.802283333333333,F/D7+hL5E5,0.0,0.0,0.0,UTC-0400,,walking,,2.3768754,55.13,0.0,1.6541487,,0.0,nan,962.631,2018-05-28 07:24:13.423,2018-05-28 07:36:01.560
145,,,0.0,,40.0,jQfnryI8/B,,,,UTC-0400,,swimming,,,336.0,,0.0,,,repetition,0.0,2018-07-23 07:25:00.000,2018-07-23 08:05:00.000
150,,,,,74.68903333333333,F/D7+hL5E5,181.0,141.0,0.0,UTC-0500,0.0,custom,0.0,,397.26,0.0,0.0,,57.0,nan,0.0,2018-12-26 17:55:20.332,2018-12-26 19:10:10.009
155,,,0.0,,30.0,jQfnryI8/B,,,,UTC-0500,,swimming,,,252.0,,0.0,,,repetition,0.0,2018-01-17 13:31:00.000,2018-01-17 14:01:00.000
157,,,0.0,,30.0,jQfnryI8/B,,,,UTC-0500,,swimming,,,252.0,,0.0,,,repetition,0.0,2018-02-01 07:50:00.000,2018-02-01 08:20:00.000
160,,,,,55.189033333333334,F/D7+hL5E5,169.0,120.0,0.0,UTC-0400,0.0,custom,0.0,,293.6040000000001,0.0,0.0,,63.0,nan,0.0,2018-07-10 18:08:54.821,2018-07-10 19:04:09.648
174,,,,,13.8405,F/D7+hL5E5,0.0,0.0,0.0,UTC-0400,,custom,,,84.1,0.0,,,0.0,nan,,2018-09-21 11:56:04.402,2018-09-21 12:09:54.832
175,,,0.0,,20.0,jQfnryI8/B,,,,UTC-0400,,swimming,,,168.0,,0.0,,,repetition,0.0,2018-06-08 14:59:00.000,2018-06-08 15:19:00.000
178,,,,,74.08996666666667,F/D7+hL5E5,188.0,132.0,0.0,UTC-0400,0.0,custom,0.0,,394.11800000000005,0.0,0.0,,69.0,nan,0.0,2018-05-22 17:10:00.457,2018-05-22 18:24:07.392
180,,,,,17.641583333333333,F/D7+hL5E5,0.0,0.0,0.0,UTC-0500,,walking,,1.8055556,85.81,0.0,1.577865,,0.0,nan,1304.73,2018-11-27 18:35:13.113,2018-11-27 18:52:51.608
185,,,0.0,,25.0,jQfnryI8/B,,,,UTC-0400,,swimming,,,210.0,,0.0,,,repetition,0.0,2018-03-29 07:27:00.000,2018-03-29 07:52:00.000
190,,,0.0,,40.0,jQfnryI8/B,,,,UTC-0400,,cycling,,,380.0,,0.0,,,repetition,0.0,2018-06-28 20:35:00.000,2018-06-28 21:15:00.000
196,,,0.0,,30.0,jQfnryI8/B,,,,UTC-0500,,swimming,,,252.0,,0.0,,,repetition,0.0,2018-01-12 09:42:00.000,2018-01-12 10:12:00.000
198,,-4.363,,,24.418816666666668,F/D7+hL5E5,220.0,172.0,179.554,UTC-0400,1013.538,running,1157.531,4.627,399.189,144.56458999999995,3.1001892000000004,-74.536,90.0,nan,4542.053,2018-09-23 08:49:32.396,2018-09-23 09:17:21.178
199,,,,,13.77255,F/D7+hL5E5,0.0,0.0,0.0,UTC-0500,,custom,,,84.03,0.0,,,0.0,nan,,2018-11-17 21:38:50.511,2018-11-17 21:52:36.864
200,,,,,47.57295,F/D7+hL5E5,213.0,126.0,0.0,UTC-0500,0.0,custom,0.0,,253.053,0.0,0.0,,74.0,nan,0.0,2018-12-20 15:12:39.006,2018-12-20 16:00:15.048
203,,,,,63.907266666666665,F/D7+hL5E5,219.0,129.0,0.0,UTC-0400,0.0,custom,0.0,,339.836,0.0,0.0,,81.0,nan,0.0,2018-06-07 16:46:37.216,2018-06-07 17:50:34.634
207,,,,,13.25755,F/D7+hL5E5,0.0,0.0,0.0,UTC-0400,,walking,,1.8055556,64.55,0.0,1.5119047,,0.0,nan,1125.52,2018-05-30 18:24:37.652,2018-05-30 18:37:53.105
210,,,,,13.376916666666666,F/D7+hL5E5,0.0,0.0,0.0,UTC-0400,,walking,,1.7777778000000002,60.92,0.0,1.5273795,,0.0,nan,1064.119,2018-10-16 19:02:44.660,2018-10-16 19:16:07.275
212,,,,,43.1819,F/D7+hL5E5,220.0,147.0,0.0,UTC-0500,0.0,custom,0.0,,229.699,0.0,0.0,,75.0,nan,0.0,2018-01-29 06:17:17.776,2018-01-29 07:00:32.795
213,,,0.0,,35.0,jQfnryI8/B,,,,UTC-0500,,swimming,,,294.0,,0.0,,,repetition,0.0,2018-11-20 06:12:00.000,2018-11-20 06:47:00.000
214,,,0.0,,30.0,jQfnryI8/B,,,,UTC-0400,,swimming,,,252.0,,0.0,,,repetition,0.0,2018-05-14 07:29:00.000,2018-05-14 07:59:00.000
217,,,,,48.47656666666666,F/D7+hL5E5,172.0,124.0,0.0,UTC-0400,0.0,custom,0.0,,257.871,0.0,0.0,,59.0,nan,0.0,2018-04-07 07:42:34.427,2018-04-07 08:31:05.100
223,,,,,40.47338333333333,F/D7+hL5E5,144.0,117.0,0.0,UTC-0400,0.0,custom,0.0,,215.285,0.0,0.0,,93.0,nan,0.0,2018-07-03 18:12:06.936,2018-07-03 18:52:36.641
227,,,,,48.433416666666666,F/D7+hL5E5,146.0,114.0,0.0,UTC-0400,0.0,custom,0.0,,257.66,0.0,0.0,,78.0,nan,0.0,2018-06-29 18:06:38.046,2018-06-29 18:55:06.205
229,,,,,62.8334,F/D7+hL5E5,163.0,125.0,0.0,UTC-0500,0.0,custom,0.0,,334.271,0.0,0.0,,78.0,nan,0.0,2018-11-18 16:32:31.255,2018-11-18 17:35:23.576
234,,,,,53.951616666666666,F/D7+hL5E5,155.0,122.0,0.0,UTC-0500,0.0,custom,0.0,,286.916,0.0,0.0,,89.0,nan,0.0,2018-12-12 16:29:40.967,2018-12-12 17:23:44.235
239,,,,,62.86613333333333,F/D7+hL5E5,152.0,118.0,0.0,UTC-0400,0.0,custom,0.0,,334.369,0.0,0.0,,68.0,nan,0.0,2018-08-03 17:35:20.906,2018-08-03 18:38:15.316
240,,,,,61.88535,F/D7+hL5E5,158.0,119.0,0.0,UTC-0400,0.0,custom,0.0,,329.081,0.0,0.0,,78.0,nan,0.0,2018-10-26 17:13:29.147,2018-10-26 18:15:23.996
242,,,,,60.65368333333333,F/D7+hL5E5,154.0,122.0,0.0,UTC-0500,0.0,custom,0.0,,322.664,0.0,0.0,,84.0,nan,0.0,2018-02-28 06:20:00.314,2018-02-28 07:20:39.444
243,,,,,10.0,F/D7+hL5E5,0.0,0.0,0.0,UTC-0400,,cycling,,,112.0,0.0,,,0.0,nan,,2018-06-21 20:35:35.061,2018-06-21 20:45:35.061
246,,,0.0,,20.0,jQfnryI8/B,,,,UTC-0400,,swimming,,,168.0,,0.0,,,repetition,0.0,2018-03-20 07:06:00.000,2018-03-20 07:26:00.000
247,,,,,55.38666666666666,F/D7+hL5E5,167.0,121.0,0.0,UTC-0400,0.0,custom,0.0,,294.651,0.0,0.0,,85.0,nan,0.0,2018-07-25 17:49:04.607,2018-07-25 18:44:30.270
248,,,0.0,,40.0,jQfnryI8/B,,,,UTC-0400,,swimming,,,336.0,,0.0,,,repetition,0.0,2018-10-02 06:17:00.000,2018-10-02 06:57:00.000
251,,,0.0,,40.0,jQfnryI8/B,,,,UTC-0500,,swimming,,,336.0,,0.0,,,repetition,0.0,2018-11-14 06:12:00.000,2018-11-14 06:52:00.000
252,,,,,22.855183333333333,F/D7+hL5E5,0.0,0.0,0.0,UTC-0400,,walking,,1.8055556,99.93,0.0,1.5531334,,0.0,nan,1839.34,2018-06-03 19:37:12.471,2018-06-03 20:00:03.782
254,,,,,5.2002,F/D7+hL5E5,129.0,118.0,0.0,UTC-0800,0.0,custom,0.0,,27.645,0.0,0.0,,97.0,nan,0.0,2017-12-21 16:24:51.128,2017-12-21 16:30:06.710
257,,,,,8.0831,F/D7+hL5E5,131.0,106.0,0.0,UTC-0400,0.0,custom,0.0,,42.923,0.0,0.0,,64.0,nan,0.0,2018-08-02 17:16:24.517,2018-08-02 17:24:31.851
260,,,,,17.698666666666668,F/D7+hL5E5,0.0,0.0,0.0,UTC-0500,,walking,,2.1540844,81.13,0.0,1.5002557,,0.0,nan,1269.83,2018-01-18 07:50:53.428,2018-01-18 08:08:35.348
261,,,,,49.03516666666667,F/D7+hL5E5,191.0,126.0,0.0,UTC-0400,0.0,custom,0.0,,260.871,0.0,0.0,,95.0,nan,0.0,2018-04-12 07:35:10.786,2018-04-12 08:24:19.203
263,,8.748,,,26.733883333333335,F/D7+hL5E5,190.0,163.0,189.777,UTC-0400,807.303,running,803.018,4.157,378.713,138.02708,2.8088338,-20.097,76.0,nan,4505.462,2018-09-16 07:22:57.217,2018-09-16 07:51:55.913
272,,,,,17.643716666666666,F/D7+hL5E5,0.0,0.0,0.0,UTC-0500,,cycling,,,197.609,0.0,,,0.0,nan,,2018-02-24 14:23:15.309,2018-02-24 14:40:53.932
273,,,,,12.944433333333333,F/D7+hL5E5,0.0,0.0,0.0,UTC-0500,,walking,,1.7777778000000002,58.28,0.0,1.5342718000000002,,0.0,nan,956.092,2018-02-16 08:14:10.871,2018-02-16 08:27:07.537
276,28.061485,136.14052,0.0,50.47563,63.44788333333333,jQfnryI8/B,,,,UTC-0400,185.0,cycling,69.0,7.782914999999999,142.0,,1.3305285,106.77429,,stride,5060.0,2018-08-07 19:02:27.354,2018-08-07 20:10:05.077
278,2.2121034,525.2101,,169.57321000000005,16.611266666666666,jQfnryI8/B,,,,UTC-0700,789.0,hiking,16.0,1.6842473999999998,105.0,,0.92060304,342.52325,,nan,910.0,2016-09-24 15:22:47.097,2016-09-24 16:13:43.659
279,,-16.371,,,61.321616666666664,F/D7+hL5E5,149.0,129.0,0.0,UTC-0400,278.576,cycling,308.967,9.864,579.548,0.0,5.7363205000000015,-43.487,88.0,nan,21023.436,2018-07-07 19:54:28.595,2018-07-07 20:56:00.701
283,,,0.0,,40.0,jQfnryI8/B,,,,UTC-0500,,swimming,,,336.0,,0.0,,,repetition,0.0,2018-12-14 06:16:00.000,2018-12-14 06:56:00.000
285,,,,,12.412616666666667,F/D7+hL5E5,0.0,0.0,0.0,UTC-0400,,walking,,1.6111112,58.44,0.0,1.5418906,,0.0,nan,1029.98,2018-09-19 20:26:22.814,2018-09-19 20:38:47.571
286,,,0.0,,30.0,jQfnryI8/B,,,,UTC-0400,,swimming,,,252.0,,0.0,,,repetition,0.0,2018-10-11 06:54:00.000,2018-10-11 07:24:00.000
287,,,,,44.62403333333334,F/D7+hL5E5,220.0,145.0,0.0,UTC-0500,0.0,custom,0.0,,237.31,0.0,0.0,,97.0,nan,0.0,2018-01-15 06:37:22.221,2018-01-15 07:22:03.388
293,,,,,59.19943333333333,F/D7+hL5E5,171.0,135.0,0.0,UTC-0500,0.0,custom,0.0,,314.875,0.0,0.0,,95.0,nan,0.0,2018-11-05 16:37:36.216,2018-11-05 17:36:48.982
296,,,,,12.113833333333334,F/D7+hL5E5,0.0,0.0,0.0,UTC-0500,,walking,,4.138889,72.41,0.0,2.0327551,,0.0,nan,942.481,2018-12-08 10:24:09.849,2018-12-08 10:36:16.679
297,,,0.0,,40.0,jQfnryI8/B,,,,UTC-0400,,swimming,,,336.0,,0.0,,,repetition,0.0,2018-11-03 08:37:00.000,2018-11-03 09:17:00.000
299,,,,,27.419366666666665,F/D7+hL5E5,172.0,137.0,0.0,UTC-0400,0.0,custom,0.0,,145.826,0.0,0.0,,109.0,nan,0.0,2018-06-04 20:00:17.376,2018-06-04 20:27:44.522
304,,,0.0,,20.0,jQfnryI8/B,,,,UTC-0400,,swimming,,,168.0,,0.0,,,repetition,0.0,2018-07-13 08:08:00.000,2018-07-13 08:28:00.000
306,,,,,16.569433333333333,F/D7+hL5E5,0.0,0.0,0.0,UTC-0500,,walking,,1.75,85.6,0.0,1.5815213,,0.0,nan,1346.616,2018-11-15 16:30:19.729,2018-11-15 16:46:53.895
309,,,,,65.95738333333334,F/D7+hL5E5,220.0,141.0,0.0,UTC-0500,0.0,custom,0.0,,350.847,0.0,0.0,,75.0,nan,0.0,2018-01-21 07:00:39.176,2018-01-21 08:06:38.226
312,26.255226,152.85818,2580.0,46.809795,16.9767,jQfnryI8/B,,,170.51129,UTC-0500,379.0,running,161.0,3.0824830000000003,230.0,159.55493,2.8998036,128.30354,,stride,2950.0,2017-03-06 10:05:28.618,2017-03-06 10:22:41.693
313,,,0.0,,30.0,jQfnryI8/B,,,,UTC-0400,,swimming,,,252.0,,0.0,,,repetition,0.0,2018-05-24 06:53:00.000,2018-05-24 07:23:00.000
316,,,,,11.703116666666666,F/D7+hL5E5,0.0,0.0,0.0,UTC-0400,,walking,,1.5833334,57.61,0.0,1.5101888,,0.0,nan,1054.906,2018-06-06 19:56:50.329,2018-06-06 20:08:32.516
321,,,0.0,,30.0,jQfnryI8/B,,,,UTC-0400,,swimming,,,252.0,,0.0,,,repetition,0.0,2018-04-03 08:16:00.000,2018-04-03 08:46:00.000
324,,,,,47.44906666666667,F/D7+hL5E5,181.0,150.0,0.0,UTC-0500,0.0,custom,0.0,,252.379,0.0,0.0,,102.0,nan,0.0,2018-01-23 09:06:35.466,2018-01-23 09:54:04.671
325,,,,,12.264533333333333,F/D7+hL5E5,0.0,0.0,0.0,UTC-0500,,custom,,,56.89,0.0,,,0.0,nan,,2018-03-01 16:29:57.010,2018-03-01 16:42:12.882
329,,,,,61.7687,F/D7+hL5E5,167.0,128.0,0.0,UTC-0500,0.0,custom,0.0,,328.47,0.0,0.0,,78.0,nan,0.0,2018-02-19 18:05:42.307,2018-02-19 19:07:28.891
330,,,0.0,,40.0,jQfnryI8/B,,,,UTC-0500,,swimming,,,336.0,,0.0,,,repetition,0.0,2018-12-22 06:30:00.000,2018-12-22 07:10:00.000
332,,,0.0,,30.0,jQfnryI8/B,,,,UTC-0400,,cycling,,,285.0,,0.0,,,repetition,0.0,2018-10-28 08:40:00.000,2018-10-28 09:10:00.000
333,,,,,32.02741666666667,F/D7+hL5E5,147.0,122.0,0.0,UTC-0500,0.0,custom,0.0,,170.385,0.0,0.0,,94.0,nan,0.0,2018-02-02 07:52:29.396,2018-02-02 08:24:33.467
334,,,0.0,,10.0,jQfnryI8/B,,,,UTC-0400,,swimming,,,84.0,,0.0,,,repetition,0.0,2018-07-19 07:51:00.000,2018-07-19 08:01:00.000
336,,,,,12.001,jQfnryI8/B,,,,UTC-0400,,walking,,2.1388888,58.58,,1.5916728999999998,,,nan,1146.1,2018-09-03 21:23:09.000,2018-09-03 21:35:09.000
338,,,,,41.60191666666667,F/D7+hL5E5,185.0,128.0,0.0,UTC-0400,0.0,custom,0.0,,221.101,0.0,0.0,,80.0,nan,0.0,2018-04-19 15:53:32.077,2018-04-19 16:35:14.680
339,,,,,14.882833333333334,F/D7+hL5E5,0.0,0.0,0.0,UTC-0400,,walking,,2.968437,59.62,0.0,1.5370485,,0.0,nan,1003.27,2018-06-19 07:20:39.779,2018-06-19 07:35:32.749
340,,,,,45.169533333333334,F/D7+hL5E5,154.0,124.0,0.0,UTC-0400,0.0,custom,0.0,,240.252,0.0,0.0,,78.0,nan,0.0,2018-10-20 11:44:18.153,2018-10-20 12:29:31.887
347,,,,,73.1806,F/D7+hL5E5,199.0,128.0,0.0,UTC-0400,0.0,custom,0.0,,389.267,0.0,0.0,,83.0,nan,0.0,2018-04-18 19:02:24.919,2018-04-18 20:15:48.937
348,,,,,17.624133333333333,F/D7+hL5E5,0.0,0.0,0.0,UTC-0400,,walking,,2.9722223,89.36,0.0,1.6534429,,0.0,nan,1509.18,2018-06-26 16:24:39.128,2018-06-26 16:42:16.576
349,,,,,30.377066666666668,F/D7+hL5E5,153.0,114.0,0.0,UTC-0500,0.0,custom,0.0,,161.525,0.0,0.0,,86.0,nan,0.0,2018-02-05 06:35:54.299,2018-02-05 07:06:18.241
351,,,0.0,,45.0,jQfnryI8/B,,,,UTC-0500,,swimming,,,378.0,,0.0,,,repetition,0.0,2018-12-08 06:43:00.000,2018-12-08 07:28:00.000
353,,,,,40.056016666666665,F/D7+hL5E5,168.0,133.0,0.0,UTC-0500,0.0,custom,0.0,,213.034,0.0,0.0,,79.0,nan,0.0,2018-01-13 07:42:15.576,2018-01-13 08:22:20.541
357,,,,,12.919583333333334,F/D7+hL5E5,0.0,0.0,0.0,UTC-0500,,custom,,,72.73,0.0,,,0.0,nan,,2018-01-10 13:13:09.820,2018-01-10 13:26:04.995
359,,,,,73.50088333333333,F/D7+hL5E5,159.0,121.0,0.0,UTC-0500,0.0,custom,0.0,,390.887,0.0,0.0,,79.0,nan,0.0,2018-12-01 18:12:04.749,2018-12-01 19:25:37.833
362,,,,,21.675433333333334,F/D7+hL5E5,0.0,0.0,0.0,UTC+0200,,walking,,1.7222221999999998,89.07,0.0,1.5071973,,0.0,nan,1554.12,2018-08-25 08:18:51.481,2018-08-25 08:40:32.007
363,,,,,51.68395,F/D7+hL5E5,172.0,119.0,0.0,UTC-0400,0.0,custom,0.0,,274.83,0.0,0.0,,85.0,nan,0.0,2018-06-11 16:51:06.687,2018-06-11 17:43:04.168
366,,,,,32.33605,F/D7+hL5E5,157.0,119.0,0.0,UTC-0500,0.0,custom,0.0,,171.919,0.0,0.0,,88.0,nan,0.0,2018-12-03 15:12:24.076,2018-12-03 15:44:48.134
369,,,,,66.692,F/D7+hL5E5,173.0,128.0,0.0,UTC-0500,0.0,custom,0.0,,354.751,0.0,0.0,,82.0,nan,0.0,2018-01-22 17:49:04.126,2018-01-22 18:55:47.777
370,,,0.0,,44.0,jQfnryI8/B,,,,UTC-0500,,swimming,,,369.0,,0.0,,,repetition,0.0,2018-12-06 07:42:00.000,2018-12-06 08:26:00.000
376,0.0,167.32199,0.0,1.343596,0.13351666666666667,jQfnryI8/B,,,,UTC-0500,0.0,cycling,0.0,26.22892,1.0,,10.714286,165.60452,,stride,70.0,2017-03-07 09:48:16.225,2017-03-07 09:48:26.107
379,,,0.0,,30.0,jQfnryI8/B,,,,UTC-0400,,swimming,,,252.0,,0.0,,,repetition,0.0,2018-04-29 07:51:00.000,2018-04-29 08:21:00.000
382,,,0.0,,30.0,jQfnryI8/B,,,,UTC-0500,,swimming,,,252.0,,0.0,,,repetition,0.0,2018-03-04 07:56:00.000,2018-03-04 08:26:00.000
387,,,0.0,,30.0,jQfnryI8/B,,,,UTC-0500,,swimming,,,252.0,,0.0,,,repetition,0.0,2018-02-10 07:34:00.000,2018-02-10 08:04:00.000
389,,,,,66.32395,F/D7+hL5E5,180.0,133.0,0.0,UTC-0400,0.0,custom,0.0,,352.825,0.0,0.0,,93.0,nan,0.0,2018-03-31 07:46:41.250,2018-03-31 08:53:04.299
390,,,,,15.957716666666666,F/D7+hL5E5,0.0,0.0,0.0,UTC-0500,,walking,,2.1388888,71.12,0.0,1.5318687,,0.0,nan,1136.598,2018-02-07 07:51:30.312,2018-02-07 08:07:27.775
392,,,,,70.54865,F/D7+hL5E5,219.0,132.0,0.0,UTC-0400,0.0,custom,0.0,,375.252,0.0,0.0,,80.0,nan,0.0,2018-10-12 16:23:35.906,2018-10-12 17:34:10.569
394,,,,,16.4321,F/D7+hL5E5,0.0,0.0,0.0,UTC-0500,,walking,,2.0,76.93,0.0,1.5173674,,0.0,nan,1174.468,2018-11-12 17:28:22.288,2018-11-12 17:44:48.214
396,,,,,10.0,F/D7+hL5E5,0.0,0.0,0.0,UTC-0400,,cycling,,,112.0,0.0,,,0.0,nan,,2018-06-28 20:14:29.730,2018-06-28 20:24:29.730
403,,,,,62.21046666666667,F/D7+hL5E5,220.0,135.0,0.0,UTC-0500,0.0,custom,0.0,,330.8040000000001,0.0,0.0,,75.0,nan,0.0,2019-01-02 16:54:38.717,2019-01-02 17:56:52.658
404,,,,,42.5052,F/D7+hL5E5,193.0,139.0,0.0,UTC-0500,0.0,custom,0.0,,226.056,0.0,0.0,,70.0,nan,0.0,2018-03-08 05:50:15.456,2018-03-08 06:32:46.933
411,,,0.0,,30.0,jQfnryI8/B,,,,UTC-0500,,swimming,,,252.0,,0.0,,,repetition,0.0,2018-02-06 07:33:00.000,2018-02-06 08:03:00.000
415,,,0.0,,25.0,jQfnryI8/B,,,,UTC-0500,,swimming,,,210.0,,0.0,,,repetition,0.0,2018-03-07 07:43:00.000,2018-03-07 08:08:00.000
420,,,,,64.98481666666666,F/D7+hL5E5,200.0,137.0,0.0,UTC-0400,0.0,custom,0.0,,345.666,0.0,0.0,,88.0,nan,0.0,2018-05-11 17:14:25.116,2018-05-11 18:19:24.982
422,,,,,62.372733333333336,F/D7+hL5E5,172.0,120.0,0.0,UTC-0400,0.0,custom,0.0,,331.764,0.0,0.0,,84.0,nan,0.0,2018-06-22 17:16:39.047,2018-06-22 18:19:03.442
423,,,0.0,,45.0,jQfnryI8/B,,,,UTC-0400,,swimming,,,378.0,,0.0,,,repetition,0.0,2018-10-27 07:44:00.000,2018-10-27 08:29:00.000
425,,,,,19.37995,F/D7+hL5E5,0.0,0.0,0.0,UTC-0500,,walking,,1.877088,77.37,0.0,1.5051749,,0.0,nan,1218.266,2018-01-22 16:34:16.523,2018-01-22 16:53:39.320
427,,,,,15.043616666666667,F/D7+hL5E5,0.0,0.0,0.0,UTC-0400,,walking,,2.0833333,54.8,0.0,1.5225722,,0.0,nan,976.609,2018-09-28 08:18:31.478,2018-09-28 08:33:34.095
432,,,,,13.306583333333334,F/D7+hL5E5,0.0,0.0,0.0,UTC-0500,,walking,,1.7587032,60.71,0.0,1.5006217,,0.0,nan,1040.96,2018-11-23 18:22:19.053,2018-11-23 18:35:37.448
434,,,0.0,,30.0,jQfnryI8/B,,,,UTC-0400,,swimming,,,252.0,,0.0,,,repetition,0.0,2018-03-13 06:57:00.000,2018-03-13 07:27:00.000
435,,,0.0,,30.0,jQfnryI8/B,,,,UTC-0400,,swimming,,,252.0,,0.0,,,repetition,0.0,2018-04-28 07:45:00.000,2018-04-28 08:15:00.000
436,,,,,44.81121666666667,F/D7+hL5E5,172.0,135.0,0.0,UTC-0400,0.0,custom,0.0,,238.364,0.0,0.0,,72.0,nan,0.0,2018-10-09 19:23:39.989,2018-10-09 20:08:30.418
439,,,0.0,,40.0,jQfnryI8/B,,,,UTC-0500,,swimming,,,336.0,,0.0,,,repetition,0.0,2018-01-14 07:50:00.000,2018-01-14 08:30:00.000
443,,,0.0,,25.0,jQfnryI8/B,,,,UTC-0500,,swimming,,,210.0,,0.0,,,repetition,0.0,2018-12-29 09:47:00.000,2018-12-29 10:12:00.000
444,,,,,17.014566666666667,F/D7+hL5E5,0.0,0.0,156.90114,UTC-0400,,running,,2.6388888,146.78,119.83849,2.058932,,0.0,nan,1895.734,2018-06-04 19:42:10.025,2018-06-04 19:59:10.899
445,,,0.0,,30.0,jQfnryI8/B,,,,UTC-0500,,swimming,,,252.0,,0.0,,,repetition,0.0,2018-01-30 07:46:00.000,2018-01-30 08:16:00.000
446,,,0.0,,30.0,jQfnryI8/B,,,,UTC-0500,,swimming,,,252.0,,0.0,,,repetition,0.0,2018-01-21 06:20:00.000,2018-01-21 06:50:00.000
451,,,,,14.23635,F/D7+hL5E5,0.0,0.0,0.0,UTC-0400,,walking,,1.7222221999999998,64.58,0.0,1.5864497,,0.0,nan,1160.65,2018-08-28 16:02:18.981,2018-08-28 16:16:33.162
455,,16.088,,,33.40083333333333,F/D7+hL5E5,217.0,151.0,185.05900000000003,UTC-0400,499.307,running,424.887,3.921,384.814,133.50981000000002,2.660463,-15.749,96.0,nan,5326.513000000001,2018-06-25 20:28:40.628,2018-06-25 21:04:37.245
458,,,0.0,,30.0,jQfnryI8/B,,,,UTC-0400,,swimming,,,252.0,,0.0,,,repetition,0.0,2018-06-26 07:08:00.000,2018-06-26 07:38:00.000
465,,,0.0,,30.0,jQfnryI8/B,,,,UTC-0400,,swimming,,,252.0,,0.0,,,repetition,0.0,2018-05-09 13:14:00.000,2018-05-09 13:44:00.000
468,,,,,20.356066666666667,F/D7+hL5E5,168.0,118.0,0.0,UTC-0500,0.0,custom,0.0,,108.293,0.0,0.0,,89.0,nan,0.0,2018-12-02 15:12:15.567,2018-12-02 15:32:39.341
470,,,,,77.51113333333333,F/D7+hL5E5,170.0,123.0,0.0,UTC-0500,0.0,custom,0.0,,412.359,0.0,0.0,,83.0,nan,0.0,2018-11-13 16:27:53.293,2018-11-13 17:45:25.935
477,,,,,10.0,F/D7+hL5E5,0.0,0.0,0.0,UTC-0400,,cycling,,,112.0,0.0,,,0.0,nan,,2018-06-18 18:46:11.102,2018-06-18 18:56:11.102
478,,,,,13.9729,F/D7+hL5E5,0.0,0.0,0.0,UTC-0400,,walking,,1.6666666,64.84,0.0,1.5426666,,0.0,nan,1048.597,2018-03-27 20:55:50.704,2018-03-27 21:09:49.078
482,,,0.0,,30.0,jQfnryI8/B,,,,UTC-0400,,swimming,,,252.0,,0.0,,,repetition,0.0,2018-06-20 07:08:00.000,2018-06-20 07:38:00.000
484,,,,,48.773133333333334,F/D7+hL5E5,183.0,130.0,0.0,UTC-0500,0.0,custom,0.0,,259.387,0.0,0.0,,83.0,nan,0.0,2018-12-11 16:06:46.026,2018-12-11 16:55:33.338
492,,,0.0,,30.0,jQfnryI8/B,,,,UTC-0500,,swimming,,,252.0,,0.0,,,repetition,0.0,2018-02-08 07:25:00.000,2018-02-08 07:55:00.000
494,,,0.0,,30.0,jQfnryI8/B,,,,UTC-0500,,swimming,,,252.0,,0.0,,,repetition,0.0,2018-12-18 07:03:00.000,2018-12-18 07:33:00.000
499,,,0.0,,30.0,jQfnryI8/B,,,,UTC-0400,,swimming,,,252.0,,0.0,,,repetition,0.0,2018-06-02 07:23:00.000,2018-06-02 07:53:00.000
500,,,,,10.862283333333334,jQfnryI8/B,,,,UTC-0500,,walking,,4.0555553,70.47,,1.6130433000000002,,,nan,1051.28,2018-03-06 17:51:10.000,2018-03-06 18:02:01.000
501,,,,,10.2898,F/D7+hL5E5,0.0,0.0,0.0,UTC-0400,,walking,,1.6944444,50.95,0.0,1.5451518,,0.0,nan,939.48,2018-06-15 07:54:04.402,2018-06-15 08:04:21.790
502,,,,,12.463533333333332,F/D7+hL5E5,0.0,0.0,0.0,UTC-0500,,walking,,1.6944444,57.73,0.0,1.5261483,,0.0,nan,924.65,2018-02-12 07:28:19.201,2018-02-12 07:40:47.013
505,,,,,40.4222,F/D7+hL5E5,209.0,125.0,0.0,UTC-0400,0.0,custom,0.0,,214.953,0.0,0.0,,96.0,nan,0.0,2018-10-16 17:11:24.448,2018-10-16 17:51:57.816
507,,,,,33.676066666666664,F/D7+hL5E5,187.0,127.0,0.0,UTC-0500,0.0,custom,0.0,,179.134,0.0,0.0,,74.0,nan,0.0,2018-01-25 05:51:54.986,2018-01-25 06:25:37.428
509,,,,,52.57176666666667,F/D7+hL5E5,162.0,126.0,0.0,UTC-0500,0.0,custom,0.0,,279.595,0.0,0.0,,92.0,nan,0.0,2018-01-05 18:53:56.510,2018-01-05 19:46:32.174
510,,,0.0,,20.0,jQfnryI8/B,,,,UTC-0400,,swimming,,,168.0,,0.0,,,repetition,0.0,2018-07-31 07:33:00.000,2018-07-31 07:53:00.000
512,,,,,65.77261666666666,F/D7+hL5E5,175.0,127.0,0.0,UTC-0500,0.0,custom,0.0,,349.899,0.0,0.0,,90.0,nan,0.0,2018-12-10 17:17:49.851,2018-12-10 18:23:40.855
513,,,0.0,,30.0,jQfnryI8/B,,,,UTC-0400,,swimming,,,252.0,,0.0,,,repetition,0.0,2018-06-30 07:44:00.000,2018-06-30 08:14:00.000
514,,,,,76.76728333333334,F/D7+hL5E5,182.0,127.0,0.0,UTC-0400,0.0,custom,0.0,,408.337,0.0,0.0,,85.0,nan,0.0,2018-10-05 16:13:20.172,2018-10-05 17:30:08.274
515,,,,,55.76571666666667,F/D7+hL5E5,220.0,139.0,0.0,UTC-0400,0.0,custom,0.0,,296.553,0.0,0.0,,76.0,nan,0.0,2018-10-17 15:46:11.914,2018-10-17 16:42:00.397
516,,,0.0,,35.0,jQfnryI8/B,,,,UTC-0400,,swimming,,,294.0,,0.0,,,repetition,0.0,2018-04-06 07:25:00.000,2018-04-06 08:00:00.000
517,,,,,70.93973333333334,F/D7+hL5E5,174.0,128.0,0.0,UTC-0400,0.0,custom,0.0,,377.364,0.0,0.0,,75.0,nan,0.0,2018-07-17 17:55:18.496,2018-07-17 19:06:16.375
518,,,,,11.183016666666667,F/D7+hL5E5,0.0,0.0,0.0,UTC-0400,,custom,,,62.53,0.0,,,0.0,nan,,2018-04-24 13:32:11.262,2018-04-24 13:43:22.243
520,,41.092,,,26.92065,F/D7+hL5E5,183.0,156.0,166.671,UTC-0400,324.696,running,361.995,4.025,349.016,143.63747,2.7323956000000003,14.16,88.0,nan,4412.543,2018-09-02 07:21:59.717,2018-09-02 07:50:23.760
522,,,0.0,,25.0,jQfnryI8/B,,,,UTC-0400,,swimming,,,210.0,,0.0,,,repetition,0.0,2018-06-12 07:11:00.000,2018-06-12 07:36:00.000
523,,,,,35.15828333333334,F/D7+hL5E5,169.0,140.0,0.0,UTC-0800,0.0,custom,0.0,,186.877,0.0,0.0,,86.0,nan,0.0,2017-12-24 09:16:05.548,2017-12-24 09:51:46.961
528,,,0.0,,15.0,jQfnryI8/B,,,,UTC-0500,,swimming,,,126.0,,0.0,,,repetition,0.0,2018-02-17 07:40:00.000,2018-02-17 07:55:00.000
530,,,,,52.5005,F/D7+hL5E5,161.0,123.0,0.0,UTC-0400,0.0,custom,0.0,,279.253,0.0,0.0,,81.0,nan,0.0,2018-10-31 16:19:43.987,2018-10-31 17:12:20.238
534,,,,,50.07086666666667,F/D7+hL5E5,168.0,134.0,0.0,UTC-0400,0.0,custom,0.0,,266.187,0.0,0.0,,100.0,nan,0.0,2018-05-15 16:30:46.516,2018-05-15 17:28:07.061
541,,24.073,,,29.439583333333335,F/D7+hL5E5,178.0,156.0,166.463,UTC-0400,1308.848,running,1260.423,3.951,456.221,135.17581,2.8191845,-138.124,81.0,nan,4972.83,2018-07-13 07:02:53.207,2018-07-13 07:33:59.205
543,,,,,10.0,F/D7+hL5E5,0.0,0.0,0.0,UTC-0400,,cycling,,,112.0,0.0,,,0.0,nan,,2018-06-26 19:39:41.284,2018-06-26 19:49:41.284
544,,,0.0,,30.0,jQfnryI8/B,,,,UTC-0500,,swimming,,,252.0,,0.0,,,repetition,0.0,2018-01-09 08:09:00.000,2018-01-09 08:39:00.000
550,,,0.0,,40.0,jQfnryI8/B,,,,UTC-0500,,swimming,,,336.0,,0.0,,,repetition,0.0,2018-11-05 09:06:00.000,2018-11-05 09:46:00.000
555,62.10687,59.14466,,65.79201,32.43333333333333,jQfnryI8/B,,,,UTC-0700,442.0,running,451.0,4.415482,459.0,,0.0,44.218452,,nan,5510.0,2016-09-30 18:29:56.624,2016-09-30 20:42:10.952
556,,,,,72.28108333333333,F/D7+hL5E5,157.0,130.0,0.0,UTC-0500,0.0,custom,0.0,,384.517,0.0,0.0,,85.0,nan,0.0,2018-11-24 16:18:26.178,2018-11-24 17:30:45.998
558,,252.793,,,31.35295,F/D7+hL5E5,199.0,162.0,208.46,UTC-0800,542.4580000000002,running,786.556,3.932,385.162,141.54398999999995,2.5696523,213.782,94.0,nan,4829.808,2017-12-31 10:23:53.343,2017-12-31 10:57:21.337
559,,,,,29.38945,F/D7+hL5E5,154.0,127.0,0.0,UTC-0400,0.0,custom,0.0,,156.295,0.0,0.0,,100.0,nan,0.0,2018-09-04 17:51:45.156,2018-09-04 18:21:09.925
567,,,,,37.53596666666667,F/D7+hL5E5,170.0,129.0,0.0,UTC-0500,0.0,custom,0.0,,199.613,0.0,0.0,,68.0,nan,0.0,2018-03-05 05:47:05.457,2018-03-05 06:24:43.199
569,,,,,15.505033333333333,F/D7+hL5E5,0.0,0.0,0.0,UTC-0400,,walking,,1.6944444,65.35,0.0,1.5849553,,0.0,nan,1095.55,2018-10-22 18:26:23.907,2018-10-22 18:41:54.209
571,,,,,10.13555,F/D7+hL5E5,0.0,0.0,0.0,UTC-0400,,cycling,,,113.518,0.0,,,0.0,nan,,2018-05-26 17:06:57.984,2018-05-26 17:17:06.117
576,,,,,11.337516666666666,jQfnryI8/B,,,,UTC-0400,,walking,,3.6944444,70.79,,1.5948378,,,nan,1084.89,2018-04-04 07:44:06.000,2018-04-04 07:55:26.000
578,,,,,31.780716666666667,F/D7+hL5E5,0.0,0.0,163.69583,UTC-0400,,running,,2.7222223,302.23,123.91161,2.1423686,,0.0,nan,3729.92,2018-07-29 08:22:48.756,2018-07-29 08:54:35.599
583,,,,,15.2942,F/D7+hL5E5,0.0,0.0,0.0,UTC-0500,,custom,,,86.62,0.0,,,0.0,nan,,2018-02-24 10:16:04.047,2018-02-24 10:31:21.699
595,,,,,12.218666666666667,F/D7+hL5E5,0.0,0.0,0.0,UTC-0500,,walking,,1.7228703,54.18,0.0,1.5935841,,0.0,nan,947.833,2018-11-07 20:53:31.820,2018-11-07 21:05:44.940
597,,,,,12.321783333333334,F/D7+hL5E5,0.0,0.0,0.0,UTC-0400,,walking,,1.8888888,59.97,0.0,1.5873016000000002,,0.0,nan,1041.86,2018-05-23 18:05:46.149,2018-05-23 18:18:05.456
599,,,0.0,,30.0,jQfnryI8/B,,,,UTC-0400,,swimming,,,252.0,,0.0,,,repetition,0.0,2018-08-03 07:44:00.000,2018-08-03 08:14:00.000
602,,,0.0,,30.0,jQfnryI8/B,,,,UTC-0400,,swimming,,,252.0,,0.0,,,repetition,0.0,2018-05-29 07:22:00.000,2018-05-29 07:52:00.000
604,,,,,15.628583333333333,F/D7+hL5E5,0.0,0.0,0.0,UTC-0500,,custom,,,101.78,0.0,,,0.0,nan,,2018-01-10 10:34:00.260,2018-01-10 10:49:37.975
606,,,0.0,,30.0,jQfnryI8/B,,,,UTC-0500,,swimming,,,252.0,,0.0,,,repetition,0.0,2018-01-23 07:12:00.000,2018-01-23 07:42:00.000
612,,,0.0,,40.0,jQfnryI8/B,,,,UTC-0500,,swimming,,,336.0,,0.0,,,repetition,0.0,2018-11-29 07:13:00.000,2018-11-29 07:53:00.000
614,,,,,80.21095,F/D7+hL5E5,172.0,128.0,0.0,UTC-0500,0.0,custom,0.0,,426.677,0.0,0.0,,86.0,nan,0.0,2018-02-18 20:07:12.047,2018-02-18 21:27:27.343
615,,,,,58.58266666666667,F/D7+hL5E5,177.0,132.0,0.0,UTC-0400,0.0,custom,0.0,,311.625,0.0,0.0,,91.0,nan,0.0,2018-07-23 18:17:25.622,2018-07-23 19:16:02.678
620,,,,,12.36145,F/D7+hL5E5,0.0,0.0,0.0,UTC-0400,,walking,,1.8888888,56.26,0.0,1.5955986,,0.0,nan,911.579,2018-10-24 20:52:40.818,2018-10-24 21:05:02.505
621,,,0.0,,15.0,jQfnryI8/B,,,,UTC-0500,,swimming,,,126.0,,0.0,,,repetition,0.0,2018-12-31 10:50:00.000,2018-12-31 11:05:00.000
623,,120.07,,,137.85888333333332,F/D7+hL5E5,158.0,129.0,0.0,UTC-0400,1490.045,cycling,1155.035,10.018,1298.187,0.0,5.6027923,68.975,88.0,nan,46331.586,2018-07-21 10:25:18.505,2018-07-21 13:04:37.466
625,,,,,12.70015,F/D7+hL5E5,0.0,0.0,0.0,UTC-0400,,walking,,1.5833334,62.03,0.0,1.5138888,,0.0,nan,1135.96,2018-06-13 18:19:39.784,2018-06-13 18:32:21.793
626,,,,,59.38455,F/D7+hL5E5,176.0,136.0,0.0,UTC-0500,0.0,custom,0.0,,315.881,0.0,0.0,,96.0,nan,0.0,2018-03-10 10:26:24.718,2018-03-10 11:25:49.088
631,,,,,30.272166666666667,F/D7+hL5E5,182.0,126.0,0.0,UTC-0500,0.0,custom,0.0,,160.901,0.0,0.0,,67.0,nan,0.0,2017-12-19 15:06:26.046,2017-12-19 15:36:59.371
633,,,,,44.9673,F/D7+hL5E5,189.0,136.0,0.0,UTC-0400,0.0,custom,0.0,,239.183,0.0,0.0,,69.0,nan,0.0,2018-03-11 11:26:35.944,2018-03-11 12:11:36.103
638,,,,,12.65995,F/D7+hL5E5,0.0,0.0,0.0,UTC-0400,,walking,,1.7245018,57.19,0.0,1.5395821,,0.0,nan,964.337,2018-04-17 20:54:44.376,2018-04-17 21:07:23.973
641,,,0.0,,15.0,jQfnryI8/B,,,,UTC-0500,,swimming,,,126.0,,0.0,,,repetition,0.0,2018-01-05 10:22:00.000,2018-01-05 10:37:00.000
643,,,,,45.94028333333333,F/D7+hL5E5,183.0,122.0,0.0,UTC-0400,0.0,custom,0.0,,244.364,0.0,0.0,,77.0,nan,0.0,2018-08-10 16:45:58.596,2018-08-10 17:31:56.581
644,,,,,19.157316666666667,F/D7+hL5E5,0.0,0.0,0.0,UTC-0500,,custom,,,103.68,0.0,,,0.0,nan,,2018-01-21 17:26:13.299,2018-01-21 17:45:22.738
646,,,,,15.242833333333333,F/D7+hL5E5,173.0,137.0,0.0,UTC-0500,0.0,custom,0.0,,81.044,0.0,0.0,,78.0,nan,0.0,2018-02-19 09:42:34.257,2018-02-19 09:57:52.849
660,,,,,60.9979,F/D7+hL5E5,174.0,119.0,0.0,UTC-0400,0.0,custom,0.0,,324.43,0.0,0.0,,73.0,nan,0.0,2018-08-08 17:22:33.307,2018-08-08 18:23:42.426
663,,,,,10.959916666666667,F/D7+hL5E5,0.0,0.0,0.0,UTC-0400,,custom,,,58.38,0.0,,,0.0,nan,,2018-10-27 18:32:38.747,2018-10-27 18:43:36.342
667,21.847322,289.64343,,14.775119,5.48685,jQfnryI8/B,,,,UTC-0700,118.0,running,261.0,2.4924011000000004,66.0,,2.4924011000000004,272.65097000000003,,nan,820.0,2016-06-25 07:28:30.517,2016-06-25 07:34:00.642
670,,,,,89.39291666666666,F/D7+hL5E5,179.0,135.0,0.0,UTC-0500,0.0,custom,0.0,,475.419,0.0,0.0,,71.0,nan,0.0,2018-01-03 19:11:25.907,2018-01-03 20:40:55.492
671,,,,,13.207483333333334,F/D7+hL5E5,0.0,0.0,0.0,UTC+0200,,cycling,,,147.923,0.0,,,0.0,nan,,2018-08-24 08:16:50.662,2018-08-24 08:30:03.111
674,,,,,11.715066666666667,F/D7+hL5E5,0.0,0.0,0.0,UTC-0500,,walking,,2.3055556,67.96,0.0,1.7368057,,0.0,nan,934.298,2018-12-18 08:42:52.452,2018-12-18 08:54:35.356
680,,,,,55.89255,F/D7+hL5E5,157.0,128.0,0.0,UTC-0400,0.0,custom,0.0,,297.189,0.0,0.0,,77.0,nan,0.0,2018-09-17 17:25:34.059,2018-09-17 18:21:30.139
690,,97.663,,,29.398533333333333,F/D7+hL5E5,220.0,163.0,176.609,UTC-0400,409.837,running,352.765,4.301,327.482,135.53052,2.6394866,69.655,87.0,nan,4654.188,2018-06-21 07:20:42.516,2018-06-21 07:52:15.266
691,,,,,15.224883333333333,F/D7+hL5E5,0.0,0.0,149.0,UTC-0400,,running,,2.5,158.0,85.1238,2.1378493,,0.0,nan,1240.4489999999996,2018-10-03 16:30:12.920,2018-10-03 16:45:26.413
692,,,,,40.4713,F/D7+hL5E5,210.0,134.0,0.0,UTC-0400,0.0,custom,0.0,,215.255,0.0,0.0,,87.0,nan,0.0,2018-04-17 15:59:30.747,2018-04-17 16:40:03.688
694,,,,,47.56248333333333,F/D7+hL5E5,172.0,128.0,0.0,UTC-0400,0.0,custom,0.0,,253.027,0.0,0.0,,97.0,nan,0.0,2018-09-25 16:43:36.251,2018-09-25 17:31:11.669
700,,,,,74.88443333333333,F/D7+hL5E5,169.0,131.0,0.0,UTC-0500,0.0,custom,0.0,,398.258,0.0,0.0,,99.0,nan,0.0,2018-01-10 19:03:36.966,2018-01-10 20:19:40.667
701,,,0.0,,30.0,jQfnryI8/B,,,,UTC-0400,,swimming,,,252.0,,0.0,,,repetition,0.0,2018-07-11 07:50:00.000,2018-07-11 08:20:00.000
704,,,,,15.1077,F/D7+hL5E5,0.0,0.0,0.0,UTC-0500,,walking,,1.75,70.64,0.0,1.5027097,,0.0,nan,1076.869,2018-01-31 07:58:52.415,2018-01-31 08:13:58.877
706,,,,,11.9759,jQfnryI8/B,,,,UTC-0400,,walking,,3.3611112000000003,73.15,,1.6724283,,,nan,1201.73,2018-05-07 18:38:02.000,2018-05-07 18:50:00.000
707,,,0.0,,30.0,jQfnryI8/B,,,,UTC-0400,,swimming,,,252.0,,0.0,,,repetition,0.0,2018-09-29 07:08:00.000,2018-09-29 07:38:00.000
713,,,,,10.0,F/D7+hL5E5,0.0,0.0,0.0,UTC-0400,,cycling,,,112.0,0.0,,,0.0,nan,,2018-06-18 18:19:39.043,2018-06-18 18:29:39.043
716,,42.25899999999999,,,24.83655,F/D7+hL5E5,220.0,181.0,157.832,UTC-0400,411.015,running,326.948,3.725,318.024,143.08705,2.9000762000000004,17.515,113.0,nan,4319.498,2018-08-12 20:09:51.438,2018-08-12 20:36:00.357
717,,,,,11.754716666666667,F/D7+hL5E5,0.0,0.0,0.0,UTC-0500,,walking,,2.7222223,72.88,0.0,1.6488923999999998,,0.0,nan,970.97,2018-02-05 08:02:14.387,2018-02-05 08:13:59.670
719,,,0.0,,40.0,jQfnryI8/B,,,,UTC-0400,,swimming,,,336.0,,0.0,,,repetition,0.0,2018-05-01 07:31:00.000,2018-05-01 08:11:00.000
724,,,,,17.837616666666666,F/D7+hL5E5,0.0,0.0,0.0,UTC-0400,,walking,,2.5,103.6,0.0,1.7403951000000002,,0.0,nan,1667.484,2018-05-07 18:32:14.777,2018-05-07 18:50:05.034
725,,,0.0,,35.0,jQfnryI8/B,,,,UTC-0400,,swimming,,,294.0,,0.0,,,repetition,0.0,2018-10-19 06:07:00.000,2018-10-19 06:42:00.000
727,,,0.0,,15.0,jQfnryI8/B,,,,UTC-0400,,swimming,,,126.0,,0.0,,,repetition,0.0,2018-07-04 07:54:00.000,2018-07-04 08:09:00.000
729,,,,,10.126266666666666,F/D7+hL5E5,0.0,0.0,0.0,UTC-0400,,custom,,,48.84,0.0,,,0.0,nan,,2018-09-26 18:35:48.713,2018-09-26 18:45:56.289
738,,,,,13.977483333333334,F/D7+hL5E5,0.0,0.0,0.0,UTC-0500,,walking,,2.4166667,74.86,0.0,1.6897972,,0.0,nan,1121.283,2018-03-06 17:47:36.692,2018-03-06 18:01:35.341
742,,,,,16.567983333333334,F/D7+hL5E5,0.0,0.0,152.0,UTC-0400,,running,,2.5555556,168.73,126.086555,2.1808994,,0.0,nan,2001.435,2018-06-04 19:24:09.730,2018-06-04 19:40:43.809
743,,,,,10.0,F/D7+hL5E5,0.0,0.0,0.0,UTC-0400,,cycling,,,112.0,0.0,,,0.0,nan,,2018-09-20 19:38:32.508,2018-09-20 19:48:32.508
746,,,,,12.69505,F/D7+hL5E5,0.0,0.0,0.0,UTC-0400,,cycling,,,142.184,0.0,,,0.0,nan,,2018-06-28 21:43:39.277,2018-06-28 21:56:20.980
750,,,,,40.5206,F/D7+hL5E5,220.0,147.0,0.0,UTC-0400,0.0,custom,0.0,,215.424,0.0,0.0,,85.0,nan,0.0,2018-09-19 18:25:28.757,2018-09-19 19:06:03.832
751,,,,,62.297,F/D7+hL5E5,183.0,121.0,0.0,UTC-0500,0.0,custom,0.0,,331.355,0.0,0.0,,70.0,nan,0.0,2018-02-12 19:32:24.276,2018-02-12 20:34:43.656
753,,,0.0,,30.0,jQfnryI8/B,,,,UTC-0400,,swimming,,,252.0,,0.0,,,repetition,0.0,2018-05-27 07:50:00.000,2018-05-27 08:20:00.000
756,,,,,49.127633333333335,F/D7+hL5E5,193.0,131.0,0.0,UTC-0400,0.0,custom,0.0,,261.348,0.0,0.0,,76.0,nan,0.0,2018-05-18 18:03:45.644,2018-05-18 18:53:04.195
758,,,,,13.414016666666667,F/D7+hL5E5,0.0,0.0,0.0,UTC-0500,,walking,,1.7777778000000002,56.77,0.0,1.5142496,,0.0,nan,932.351,2018-02-07 20:54:01.464,2018-02-07 21:07:26.305
765,,,,,86.80238333333334,F/D7+hL5E5,165.0,122.0,0.0,UTC-0400,0.0,custom,0.0,,461.776,0.0,0.0,,84.0,nan,0.0,2018-07-27 17:10:31.317,2018-07-27 18:37:22.192
767,,,,,62.923566666666666,F/D7+hL5E5,205.0,118.0,0.0,UTC-0500,0.0,custom,0.0,,334.667,0.0,0.0,,78.0,nan,0.0,2018-12-18 16:01:47.976,2018-12-18 17:04:45.137
773,,,,,83.65658333333333,F/D7+hL5E5,182.0,134.0,0.0,UTC-0400,0.0,custom,0.0,,444.949,0.0,0.0,,83.0,nan,0.0,2018-05-25 16:38:07.926,2018-05-25 18:01:49.612
775,,,,,13.509583333333333,F/D7+hL5E5,0.0,0.0,0.0,UTC-0400,,walking,,2.9722223,73.72,0.0,1.6569909,,0.0,nan,1112.26,2018-04-04 07:42:00.313,2018-04-04 07:55:30.888
776,58.46526,65.75034000000001,,64.04113000000001,40.96071666666667,jQfnryI8/B,,,,UTC-0700,481.0,running,554.0,3.0248559,408.0,,2.000407,52.467632,,nan,4910.0,2016-09-27 17:21:42.571,2016-09-27 18:04:05.302
777,,,,,31.8524,F/D7+hL5E5,0.0,0.0,169.0195,UTC-0400,,running,,2.75,316.44,125.45365,2.1163452,,0.0,nan,3708.012,2018-08-05 08:40:54.223,2018-08-05 09:12:45.367
778,,,,,0.14175,F/D7+hL5E5,0.0,0.0,0.0,UTC-0400,0.0,running,0.0,,0.17911392,0.0,0.0,,0.0,nan,0.0,2018-09-02 07:19:23.272,2018-09-02 07:19:33.064
780,,,,,30.9595,F/D7+hL5E5,163.0,117.0,0.0,UTC-0500,0.0,custom,0.0,,164.667,0.0,0.0,,50.0,nan,0.0,2018-01-18 06:25:39.299,2018-01-18 06:56:39.218
781,,,0.0,,20.0,jQfnryI8/B,,,,UTC-0400,,swimming,,,168.0,,0.0,,,repetition,0.0,2018-08-12 07:26:00.000,2018-08-12 07:46:00.000
786,,,,,12.128716666666667,F/D7+hL5E5,0.0,0.0,0.0,UTC-0500,,walking,,1.8055556,54.07,0.0,1.6034032,,0.0,nan,924.678,2018-11-21 08:04:49.738,2018-11-21 08:16:57.461
790,,,0.0,,20.0,jQfnryI8/B,,,,UTC-0400,,swimming,,,168.0,,0.0,,,repetition,0.0,2018-05-17 08:27:00.000,2018-05-17 08:47:00.000
798,,,,,8.690933333333334,F/D7+hL5E5,0.0,0.0,0.0,UTC-0500,,elliptical,,,60.83600000000001,0.0,,,0.0,nan,,2017-12-17 16:29:25.721,2017-12-17 16:38:07.177
800,,,0.0,,30.0,jQfnryI8/B,,,,UTC-0400,,swimming,,,252.0,,0.0,,,repetition,0.0,2018-06-23 09:50:00.000,2018-06-23 10:20:00.000
802,,,,,51.098533333333336,F/D7+hL5E5,168.0,128.0,0.0,UTC-0500,0.0,custom,0.0,,271.791,0.0,0.0,,72.0,nan,0.0,2018-01-28 07:43:34.797,2018-01-28 08:34:50.124
812,,,,,19.52445,F/D7+hL5E5,0.0,0.0,0.0,UTC-0800,,walking,,2.3055556,93.31,0.0,1.5236253,,0.0,nan,1542.569,2018-01-01 12:06:24.463,2018-01-01 12:25:55.930
813,,,,,78.42396666666667,F/D7+hL5E5,190.0,123.0,0.0,UTC-0500,0.0,custom,0.0,,417.023,0.0,0.0,,70.0,nan,0.0,2018-01-07 17:02:12.217,2018-01-07 18:20:45.162
815,,,,,14.728033333333334,F/D7+hL5E5,0.0,0.0,0.0,UTC-0500,,walking,,2.25,76.84,0.0,1.6318694,,0.0,nan,1130.74,2018-01-18 18:23:57.314,2018-01-18 18:38:40.996
818,,,0.0,,30.0,jQfnryI8/B,,,,UTC-0500,,swimming,,,252.0,,0.0,,,repetition,0.0,2018-01-10 13:59:00.000,2018-01-10 14:29:00.000
823,,,,,67.349,F/D7+hL5E5,199.0,131.0,0.0,UTC-0500,0.0,custom,0.0,,358.28,0.0,0.0,,89.0,nan,0.0,2018-02-04 06:55:06.985,2018-02-04 08:02:30.583
824,,,0.0,,30.0,jQfnryI8/B,,,,UTC-0400,,swimming,,,252.0,,0.0,,,repetition,0.0,2018-10-06 07:54:00.000,2018-10-06 08:24:00.000
827,,,,,71.1142,F/D7+hL5E5,171.0,135.0,0.0,UTC-0400,0.0,custom,0.0,,378.322,0.0,0.0,,105.0,nan,0.0,2018-04-14 10:26:01.257,2018-04-14 11:37:10.722
828,,,,,59.87213333333333,F/D7+hL5E5,177.0,122.0,0.0,UTC-0500,0.0,custom,0.0,,318.507,0.0,0.0,,55.0,nan,0.0,2018-11-25 17:46:26.887,2018-11-25 18:46:21.017
831,,,,,13.545133333333334,F/D7+hL5E5,0.0,0.0,0.0,UTC-0500,,walking,,1.8568523,66.44,0.0,1.5095973,,0.0,nan,965.54,2018-01-03 15:59:34.532,2018-01-03 16:13:07.240
833,,,,,12.362283333333334,F/D7+hL5E5,0.0,0.0,0.0,UTC-0500,,walking,,1.7222221999999998,58.79,0.0,1.5976877,,0.0,nan,986.62,2018-03-07 20:54:27.248,2018-03-07 21:06:48.985
835,,,,,19.602316666666667,F/D7+hL5E5,0.0,0.0,0.0,UTC-0400,,custom,,,107.99,0.0,,,0.0,nan,,2018-08-04 11:37:25.396,2018-08-04 11:57:01.535
837,,,0.0,,45.0,jQfnryI8/B,,,,UTC-0400,,swimming,,,378.0,,0.0,,,repetition,0.0,2018-10-25 06:19:00.000,2018-10-25 07:04:00.000
838,,271.397,,,26.805566666666667,F/D7+hL5E5,220.0,167.0,167.796,UTC-0800,766.78,running,855.829,3.831,366.347,141.91083,2.748201,231.148,116.0,nan,4420.025,2017-12-24 08:44:37.515,2017-12-24 09:13:36.663
839,,,,,56.20061666666667,F/D7+hL5E5,174.0,129.0,0.0,UTC-0400,0.0,custom,0.0,,298.944,0.0,0.0,,83.0,nan,0.0,2018-10-29 16:43:17.216,2018-10-29 17:39:30.558
845,,,,,52.896233333333335,F/D7+hL5E5,174.0,130.0,0.0,UTC-0500,0.0,custom,0.0,,281.398,0.0,0.0,,87.0,nan,0.0,2018-01-19 17:53:15.108,2018-01-19 18:46:10.841
847,,,,,14.713883333333333,jQfnryI8/B,,,,UTC-0400,,walking,,2.6944444,68.57,,1.5050071000000005,,,nan,1328.67,2018-06-07 21:07:34.000,2018-06-07 21:22:16.000
850,,230.634,,,15.407616666666666,F/D7+hL5E5,168.0,153.0,155.289,UTC-0500,69.83,running,47.878,3.961,198.259,143.57613,2.9600458,216.375,98.0,nan,2732.519,2018-12-02 14:55:17.576,2018-12-02 15:11:59.123
853,,,,,11.52695,F/D7+hL5E5,0.0,0.0,0.0,UTC-0400,,walking,,1.9444444,52.76,0.0,1.5043912,,0.0,nan,908.05,2018-09-17 19:54:57.732,2018-09-17 20:06:29.349
859,,,,,12.01015,F/D7+hL5E5,0.0,0.0,0.0,UTC-0500,,walking,,1.7455406000000002,51.88,0.0,1.5316433,,0.0,nan,937.727,2018-11-15 15:26:20.613,2018-11-15 15:38:21.222
860,,,,,14.235866666666666,F/D7+hL5E5,0.0,0.0,0.0,UTC-0500,,custom,,,81.62,0.0,,,0.0,nan,,2018-01-03 08:02:02.274,2018-01-03 08:16:16.426
864,,,,,10.75,F/D7+hL5E5,0.0,0.0,0.0,UTC-0500,,custom,,,59.66,0.0,,,0.0,nan,,2018-12-28 14:05:10.622,2018-12-28 14:15:55.622
865,,,0.0,,30.0,jQfnryI8/B,,,,UTC-0400,,swimming,,,252.0,,0.0,,,repetition,0.0,2018-10-09 08:06:00.000,2018-10-09 08:36:00.000
867,,,,,13.3138,F/D7+hL5E5,0.0,0.0,0.0,UTC-0400,,custom,,,83.94,0.0,,,0.0,nan,,2018-09-21 14:37:12.237,2018-09-21 14:50:31.065
868,,54.701,,,88.39033333333333,F/D7+hL5E5,165.0,128.0,0.0,UTC-0400,405.429,cycling,447.589,8.311,703.14,0.0,4.760175,39.59,99.0,nan,25240.162,2018-07-15 10:54:04.578,2018-07-15 12:30:21.370
871,,,,,44.19845,F/D7+hL5E5,176.0,133.0,0.0,UTC-0400,0.0,custom,0.0,,235.056,0.0,0.0,,72.0,nan,0.0,2018-05-30 16:20:55.856,2018-05-30 17:05:09.712
872,,,0.0,,30.0,jQfnryI8/B,,,,UTC-0400,,swimming,,,252.0,,0.0,,,repetition,0.0,2018-08-07 07:57:00.000,2018-08-07 08:27:00.000
874,,,,,20.05591666666667,F/D7+hL5E5,0.0,0.0,0.0,UTC-0500,,walking,,1.6666666,92.57,0.0,1.5068756,,0.0,nan,1248.442,2018-12-20 18:31:38.550,2018-12-20 18:51:41.905
