,time_offset,floor,deviceuuid,local_start_time,local_end_time
0,UTC-0400,8.0,F/D7+hL5E5,2018-08-10 17:30:01,2018-08-10 17:31:42
1,UTC-0500,1.0,F/D7+hL5E5,2018-11-06 17:32:54,2018-11-06 17:33:11
2,UTC-0400,1.0,F/D7+hL5E5,2018-07-03 07:50:11,2018-07-03 07:50:25
3,UTC-0500,2.0,F/D7+hL5E5,2018-01-24 21:29:51,2018-01-24 21:30:56
4,UTC-0400,1.0,F/D7+hL5E5,2018-07-03 08:41:54,2018-07-03 08:42:05
5,UTC-0500,1.0,F/D7+hL5E5,2018-12-21 20:58:37,2018-12-21 20:58:47
6,UTC-0400,2.0,F/D7+hL5E5,2018-10-09 08:31:15,2018-10-09 08:31:40
7,UTC-0400,1.0,F/D7+hL5E5,2018-03-27 21:04:01,2018-03-27 21:04:27
8,UTC-0500,2.0,F/D7+hL5E5,2018-02-12 07:38:21,2018-02-12 07:40:16
9,UTC+0200,3.0,F/D7+hL5E5,2018-08-26 16:22:39,2018-08-26 16:23:55
10,UTC-0500,1.0,F/D7+hL5E5,2018-12-14 09:12:52,2018-12-14 09:13:12
11,UTC-0400,1.0,F/D7+hL5E5,2018-03-16 17:17:05,2018-03-16 17:17:22
12,UTC-0400,1.0,F/D7+hL5E5,2018-07-27 18:34:00,2018-07-27 18:34:13
13,UTC-0500,1.0,F/D7+hL5E5,2018-01-22 15:50:22,2018-01-22 15:50:38
14,UTC-0400,1.0,F/D7+hL5E5,2018-04-04 20:54:32,2018-04-04 20:54:48
15,UTC-0400,2.0,F/D7+hL5E5,2018-07-09 19:34:12,2018-07-09 19:35:26
16,UTC-0400,1.0,F/D7+hL5E5,2018-05-07 21:09:16,2018-05-07 21:09:25
17,UTC-0400,1.0,F/D7+hL5E5,2018-10-12 18:23:43,2018-10-12 18:24:09
18,UTC-0400,1.0,F/D7+hL5E5,2018-06-25 07:40:23,2018-06-25 07:40:46
19,UTC-0400,2.0,F/D7+hL5E5,2018-09-03 19:02:35,2018-09-03 19:03:21
20,UTC-0800,2.0,F/D7+hL5E5,2017-12-31 10:25:15,2017-12-31 10:25:44
21,UTC-0400,3.0,F/D7+hL5E5,2018-05-23 07:45:59,2018-05-23 07:48:12
22,UTC-0400,1.0,F/D7+hL5E5,2018-10-12 09:10:03,2018-10-12 09:10:10
23,UTC-0400,1.0,F/D7+hL5E5,2018-04-19 18:33:56,2018-04-19 18:34:08
24,UTC-0400,1.0,F/D7+hL5E5,2018-05-04 20:56:12,2018-05-04 20:56:33
25,UTC-0800,2.0,F/D7+hL5E5,2017-12-24 08:44:06,2017-12-24 08:44:44
26,UTC-0400,1.0,F/D7+hL5E5,2018-05-17 16:42:13,2018-05-17 16:42:41
27,UTC-0400,1.0,F/D7+hL5E5,2018-05-23 08:40:03,2018-05-23 08:40:09
28,UTC-0500,2.0,F/D7+hL5E5,2018-02-16 08:23:13,2018-02-16 08:24:33
29,UTC+0200,1.0,F/D7+hL5E5,2018-08-28 07:51:12,2018-08-28 07:51:31
30,UTC-0400,2.0,F/D7+hL5E5,2018-05-10 15:55:58,2018-05-10 15:56:25
31,UTC-0400,1.0,F/D7+hL5E5,2018-03-21 07:56:23,2018-03-21 07:56:42
32,UTC-0500,3.0,F/D7+hL5E5,2018-02-16 17:15:53,2018-02-16 17:17:14
33,UTC-0800,2.0,F/D7+hL5E5,2017-12-23 09:28:59,2017-12-23 09:30:24
34,UTC-0400,1.0,F/D7+hL5E5,2018-06-07 19:10:42,2018-06-07 19:11:10
35,UTC-0500,2.0,F/D7+hL5E5,2018-01-19 16:38:17,2018-01-19 16:39:42
36,UTC-0500,1.0,F/D7+hL5E5,2018-11-21 20:05:00,2018-11-21 20:05:15
37,UTC-0400,1.0,F/D7+hL5E5,2018-09-10 08:53:01,2018-09-10 08:53:23
38,UTC-0500,1.0,F/D7+hL5E5,2018-01-16 09:41:24,2018-01-16 09:41:42
39,UTC-0500,2.0,F/D7+hL5E5,2018-01-18 17:32:04,2018-01-18 17:32:38
40,UTC-0500,1.0,F/D7+hL5E5,2018-01-09 18:10:29,2018-01-09 18:10:43
41,UTC-0500,1.0,F/D7+hL5E5,2018-01-19 08:08:33,2018-01-19 08:09:15
42,UTC-0400,2.0,F/D7+hL5E5,2018-09-27 19:39:56,2018-09-27 19:40:24
43,UTC-0500,8.0,F/D7+hL5E5,2018-01-19 18:44:27,2018-01-19 18:46:01
44,UTC-0500,3.0,F/D7+hL5E5,2018-01-29 18:27:38,2018-01-29 18:29:38
45,UTC-0400,1.0,F/D7+hL5E5,2018-10-10 08:15:27,2018-10-10 08:15:44
46,UTC-0500,9.0,F/D7+hL5E5,2018-12-21 21:04:54,2018-12-21 21:06:54
47,UTC-0500,9.0,F/D7+hL5E5,2018-11-27 18:48:51,2018-11-27 18:50:36
48,UTC-0500,1.0,F/D7+hL5E5,2018-01-16 17:50:23,2018-01-16 17:50:47
49,UTC-0500,3.0,F/D7+hL5E5,2018-03-02 18:38:05,2018-03-02 18:40:57
50,UTC-0500,2.0,F/D7+hL5E5,2018-01-04 09:07:24,2018-01-04 09:08:41
51,UTC-0500,1.0,F/D7+hL5E5,2018-01-04 09:11:57,2018-01-04 09:12:22
52,UTC-0500,1.0,F/D7+hL5E5,2018-12-26 16:16:44,2018-12-26 16:17:02
53,UTC-0500,4.0,F/D7+hL5E5,2018-01-13 08:20:36,2018-01-13 08:21:20
54,UTC-0500,9.0,F/D7+hL5E5,2018-12-18 18:46:29,2018-12-18 18:48:25
55,UTC-0400,1.0,F/D7+hL5E5,2018-06-27 08:02:56,2018-06-27 08:03:12
56,UTC-0500,1.0,F/D7+hL5E5,2018-01-22 16:39:31,2018-01-22 16:39:58
57,UTC-0400,1.0,F/D7+hL5E5,2018-03-19 08:42:01,2018-03-19 08:42:29
58,UTC-0400,1.0,F/D7+hL5E5,2018-05-08 15:48:56,2018-05-08 15:49:16
59,UTC-0500,1.0,F/D7+hL5E5,2018-03-07 08:44:26,2018-03-07 08:44:35
60,UTC-0400,1.0,F/D7+hL5E5,2018-07-25 07:57:10,2018-07-25 07:57:27
61,UTC-0500,2.0,F/D7+hL5E5,2018-12-20 08:54:05,2018-12-20 08:54:30
62,UTC-0400,7.0,F/D7+hL5E5,2018-10-28 08:06:27,2018-10-28 08:07:49
63,UTC-0400,1.0,F/D7+hL5E5,2018-04-02 07:37:46,2018-04-02 07:38:39
64,UTC-0400,1.0,F/D7+hL5E5,2018-03-30 10:05:39,2018-03-30 10:05:48
65,UTC-0400,1.0,F/D7+hL5E5,2018-03-14 21:01:13,2018-03-14 21:01:33
66,UTC-0400,1.0,F/D7+hL5E5,2018-05-28 17:31:54,2018-05-28 17:32:23
67,UTC-0400,2.0,F/D7+hL5E5,2018-10-05 19:07:48,2018-10-05 19:08:45
68,UTC-0500,1.0,F/D7+hL5E5,2018-02-13 08:40:13,2018-02-13 08:40:37
69,UTC-0500,2.0,F/D7+hL5E5,2018-12-18 08:50:36,2018-12-18 08:51:57
70,UTC-0500,2.0,F/D7+hL5E5,2018-02-05 09:04:10,2018-02-05 09:04:41
71,UTC-0400,1.0,F/D7+hL5E5,2018-06-25 18:06:30,2018-06-25 18:06:47
72,UTC-0400,1.0,F/D7+hL5E5,2018-04-10 09:17:50,2018-04-10 09:18:11
73,UTC-0400,1.0,F/D7+hL5E5,2018-06-04 08:49:12,2018-06-04 08:49:25
74,UTC-0500,1.0,F/D7+hL5E5,2018-11-06 17:40:00,2018-11-06 17:40:16
75,UTC-0500,2.0,F/D7+hL5E5,2018-02-16 20:58:57,2018-02-16 20:59:52
76,UTC-0400,1.0,F/D7+hL5E5,2018-04-19 18:14:05,2018-04-19 18:14:14
77,UTC-0500,2.0,F/D7+hL5E5,2018-02-13 08:35:42,2018-02-13 08:36:15
78,UTC-0400,3.0,F/D7+hL5E5,2018-10-22 18:34:19,2018-10-22 18:35:37
79,UTC-0500,1.0,F/D7+hL5E5,2018-01-19 09:13:29,2018-01-19 09:13:51
80,UTC-0400,2.0,F/D7+hL5E5,2018-09-06 08:12:32,2018-09-06 08:14:19
81,UTC-0500,1.0,F/D7+hL5E5,2018-11-20 08:41:10,2018-11-20 08:41:29
82,UTC+0200,5.0,F/D7+hL5E5,2018-08-23 18:52:31,2018-08-23 18:53:46
83,UTC-0400,1.0,F/D7+hL5E5,2018-03-24 10:00:30,2018-03-24 10:00:46
84,UTC-0400,9.0,F/D7+hL5E5,2018-05-15 19:46:38,2018-05-15 19:48:25
85,UTC-0400,1.0,F/D7+hL5E5,2018-07-12 17:21:38,2018-07-12 17:21:53
86,UTC-0400,1.0,F/D7+hL5E5,2018-05-02 17:35:14,2018-05-02 17:35:27
87,UTC-0500,2.0,F/D7+hL5E5,2018-11-20 17:33:55,2018-11-20 17:34:31
88,UTC-0400,1.0,F/D7+hL5E5,2018-05-12 13:14:19,2018-05-12 13:14:45
89,UTC-0400,1.0,F/D7+hL5E5,2018-06-26 17:42:46,2018-06-26 17:42:54
90,UTC-0400,1.0,F/D7+hL5E5,2018-06-14 18:02:01,2018-06-14 18:02:22
91,UTC-0500,3.0,F/D7+hL5E5,2018-11-15 15:57:13,2018-11-15 15:58:52
92,UTC-0400,1.0,F/D7+hL5E5,2018-06-27 15:53:39,2018-06-27 15:54:09
93,UTC-0500,1.0,F/D7+hL5E5,2018-01-11 16:59:18,2018-01-11 16:59:33
94,UTC-0400,2.0,F/D7+hL5E5,2018-04-30 08:41:39,2018-04-30 08:42:03
95,UTC-0400,2.0,F/D7+hL5E5,2018-07-27 18:24:14,2018-07-27 18:24:45
96,UTC-0500,7.0,F/D7+hL5E5,2018-01-07 13:56:57,2018-01-07 13:58:02
97,UTC-0400,1.0,F/D7+hL5E5,2018-05-04 18:40:49,2018-05-04 18:40:56
98,UTC-0400,1.0,F/D7+hL5E5,2018-03-14 20:11:18,2018-03-14 20:11:39
99,UTC-0800,1.0,F/D7+hL5E5,2017-12-31 19:28:53,2017-12-31 19:29:07
100,UTC-0400,1.0,F/D7+hL5E5,2018-03-14 20:02:58,2018-03-14 20:03:33
101,UTC-0500,1.0,F/D7+hL5E5,2018-02-20 19:33:22,2018-02-20 19:33:48
102,UTC-0500,6.0,F/D7+hL5E5,2018-01-19 11:06:25,2018-01-19 11:07:51
103,UTC-0500,9.0,F/D7+hL5E5,2018-01-22 18:53:14,2018-01-22 18:54:49
104,UTC-0500,1.0,F/D7+hL5E5,2018-02-16 21:01:06,2018-02-16 21:01:31
105,UTC-0400,2.0,F/D7+hL5E5,2018-05-04 18:27:20,2018-05-04 18:27:47
106,UTC-0400,1.0,F/D7+hL5E5,2018-07-15 13:19:30,2018-07-15 13:19:51
107,UTC-0500,2.0,F/D7+hL5E5,2018-11-28 07:29:49,2018-11-28 07:31:23
108,UTC-0400,1.0,F/D7+hL5E5,2018-10-11 17:30:33,2018-10-11 17:30:49
109,UTC-0500,1.0,F/D7+hL5E5,2018-01-16 17:37:40,2018-01-16 17:38:05
110,UTC-0400,1.0,F/D7+hL5E5,2018-04-24 12:27:17,2018-04-24 12:27:30
111,UTC-0400,1.0,F/D7+hL5E5,2018-07-03 19:32:00,2018-07-03 19:32:18
112,UTC-0500,1.0,F/D7+hL5E5,2018-11-15 09:02:44,2018-11-15 09:02:50
113,UTC-0500,1.0,F/D7+hL5E5,2018-02-07 13:47:08,2018-02-07 13:47:40
114,UTC-0500,1.0,F/D7+hL5E5,2018-11-27 12:29:33,2018-11-27 12:29:54
115,UTC-0500,1.0,F/D7+hL5E5,2018-12-20 17:52:12,2018-12-20 17:52:20
116,UTC-0500,9.0,F/D7+hL5E5,2018-01-22 16:45:04,2018-01-22 16:46:34
117,UTC-0500,1.0,F/D7+hL5E5,2018-03-07 20:07:02,2018-03-07 20:07:19
118,UTC-0500,2.0,F/D7+hL5E5,2018-11-19 17:37:46,2018-11-19 17:38:38
119,UTC-0400,1.0,F/D7+hL5E5,2018-04-07 16:05:05,2018-04-07 16:05:17
120,UTC-0500,1.0,F/D7+hL5E5,2018-02-17 13:09:37,2018-02-17 13:09:49
121,UTC-0400,2.0,F/D7+hL5E5,2018-05-31 18:24:11,2018-05-31 18:24:43
122,UTC-0400,1.0,F/D7+hL5E5,2018-05-23 08:41:33,2018-05-23 08:41:46
123,UTC-0400,1.0,F/D7+hL5E5,2018-09-28 09:37:00,2018-09-28 09:37:14
124,UTC-0400,1.0,F/D7+hL5E5,2018-06-19 20:17:08,2018-06-19 20:17:21
125,UTC-0400,2.0,F/D7+hL5E5,2018-07-17 19:34:33,2018-07-17 19:35:25
126,UTC-0500,1.0,F/D7+hL5E5,2018-03-04 16:07:17,2018-03-04 16:07:34
127,UTC-0500,8.0,F/D7+hL5E5,2018-11-12 17:42:28,2018-11-12 17:44:02
128,UTC-0500,1.0,F/D7+hL5E5,2018-11-19 08:38:50,2018-11-19 08:39:09
129,UTC-0500,1.0,F/D7+hL5E5,2019-01-02 07:58:10,2019-01-02 07:58:26
130,UTC-0400,1.0,F/D7+hL5E5,2018-05-22 09:10:04,2018-05-22 09:10:29
131,UTC-0400,1.0,F/D7+hL5E5,2018-05-28 20:34:34,2018-05-28 20:35:00
132,UTC+0200,1.0,F/D7+hL5E5,2018-08-21 15:11:22,2018-08-21 15:11:49
133,UTC-0500,1.0,F/D7+hL5E5,2018-01-24 17:31:37,2018-01-24 17:31:57
134,UTC-0500,1.0,F/D7+hL5E5,2018-03-08 09:09:27,2018-03-08 09:09:34
135,UTC+0200,1.0,F/D7+hL5E5,2018-08-25 08:33:50,2018-08-25 08:34:39
136,UTC-0500,1.0,F/D7+hL5E5,2018-11-19 17:40:21,2018-11-19 17:40:39
137,UTC-0500,2.0,F/D7+hL5E5,2018-01-31 19:56:17,2018-01-31 19:56:26
138,UTC-0400,1.0,F/D7+hL5E5,2018-04-02 07:40:23,2018-04-02 07:40:44
139,UTC-0400,2.0,F/D7+hL5E5,2018-06-27 15:47:11,2018-06-27 15:48:25
140,UTC-0500,1.0,F/D7+hL5E5,2018-11-23 09:13:09,2018-11-23 09:13:30
141,UTC-0500,1.0,F/D7+hL5E5,2018-12-17 18:44:10,2018-12-17 18:44:38
142,UTC-0400,1.0,F/D7+hL5E5,2018-04-11 08:15:38,2018-04-11 08:15:58
143,UTC+0200,2.0,F/D7+hL5E5,2018-08-22 10:21:53,2018-08-22 10:22:21
144,UTC-0400,1.0,F/D7+hL5E5,2018-06-14 23:03:25,2018-06-14 23:03:52
145,UTC-0400,1.0,F/D7+hL5E5,2018-04-25 08:17:25,2018-04-25 08:17:42
146,UTC-0500,2.0,F/D7+hL5E5,2018-03-02 07:44:11,2018-03-02 07:45:01
147,UTC-0400,1.0,F/D7+hL5E5,2018-10-24 20:08:57,2018-10-24 20:09:19
148,UTC+0200,1.0,F/D7+hL5E5,2018-08-24 20:11:41,2018-08-24 20:11:52
149,UTC-0400,1.0,F/D7+hL5E5,2018-04-05 15:48:39,2018-04-05 15:48:46
150,UTC-0400,1.0,F/D7+hL5E5,2018-06-27 16:36:21,2018-06-27 16:36:49
151,UTC-0500,1.0,F/D7+hL5E5,2018-02-20 18:33:30,2018-02-20 18:33:53
152,UTC-0400,8.0,F/D7+hL5E5,2018-10-20 12:27:27,2018-10-20 12:29:20
153,UTC-0400,1.0,F/D7+hL5E5,2018-04-16 17:11:04,2018-04-16 17:11:17
154,UTC+0200,17.0,F/D7+hL5E5,2018-08-25 21:55:59,2018-08-25 22:02:20
155,UTC-0400,1.0,F/D7+hL5E5,2018-08-02 18:40:40,2018-08-02 18:41:08
156,UTC-0400,6.0,F/D7+hL5E5,2018-04-26 19:08:51,2018-04-26 19:10:09
157,UTC-0400,1.0,F/D7+hL5E5,2018-06-01 07:46:46,2018-06-01 07:47:05
158,UTC-0500,1.0,F/D7+hL5E5,2018-02-20 08:39:47,2018-02-20 08:40:08
159,UTC-0500,1.0,F/D7+hL5E5,2018-02-07 09:09:37,2018-02-07 09:09:52
160,UTC-0500,1.0,F/D7+hL5E5,2018-01-31 17:27:02,2018-01-31 17:27:16
161,UTC-0400,1.0,F/D7+hL5E5,2018-04-16 07:45:35,2018-04-16 07:45:47
162,UTC-0500,8.0,F/D7+hL5E5,2018-01-20 17:06:04,2018-01-20 17:08:06
163,UTC-0500,1.0,F/D7+hL5E5,2018-01-02 12:26:54,2018-01-02 12:27:04
164,UTC-0500,1.0,F/D7+hL5E5,2018-02-05 08:13:04,2018-02-05 08:13:21
165,UTC-0400,1.0,F/D7+hL5E5,2018-06-03 20:24:00,2018-06-03 20:24:24
166,UTC-0500,9.0,F/D7+hL5E5,2018-02-04 07:59:40,2018-02-04 08:01:25
167,UTC-0400,1.0,F/D7+hL5E5,2018-07-03 19:34:05,2018-07-03 19:34:36
168,UTC-0400,1.0,F/D7+hL5E5,2018-08-28 15:27:27,2018-08-28 15:27:42
169,UTC-0400,1.0,F/D7+hL5E5,2018-08-11 13:33:26,2018-08-11 13:33:42
170,UTC-0500,1.0,F/D7+hL5E5,2018-11-20 09:45:30,2018-11-20 09:45:39
171,UTC-0500,6.0,F/D7+hL5E5,2018-02-05 07:02:31,2018-02-05 07:03:39
172,UTC-0400,1.0,F/D7+hL5E5,2018-05-04 18:42:43,2018-05-04 18:42:57
173,UTC-0400,1.0,F/D7+hL5E5,2018-05-12 10:47:17,2018-05-12 10:47:30
174,UTC-0400,8.0,F/D7+hL5E5,2018-05-16 18:48:24,2018-05-16 18:49:47
175,UTC-0800,2.0,F/D7+hL5E5,2017-12-24 09:09:46,2017-12-24 09:10:18
176,UTC-0500,2.0,F/D7+hL5E5,2018-11-15 09:10:37,2018-11-15 09:11:08
177,UTC-0400,1.0,F/D7+hL5E5,2018-05-22 19:06:27,2018-05-22 19:06:52
178,UTC-0400,1.0,F/D7+hL5E5,2018-10-14 13:36:55,2018-10-14 13:37:06
179,UTC-0400,1.0,F/D7+hL5E5,2018-04-19 18:25:09,2018-04-19 18:25:18
180,UTC-0500,1.0,F/D7+hL5E5,2018-11-21 20:55:22,2018-11-21 20:55:36
181,UTC-0400,3.0,F/D7+hL5E5,2018-08-12 20:25:11,2018-08-12 20:26:45
182,UTC-0400,2.0,F/D7+hL5E5,2018-06-25 20:48:27,2018-06-25 20:48:56
183,UTC-0400,1.0,F/D7+hL5E5,2018-05-07 08:38:03,2018-05-07 08:38:24
184,UTC-0500,1.0,F/D7+hL5E5,2018-02-07 20:03:58,2018-02-07 20:04:11
185,UTC-0400,2.0,F/D7+hL5E5,2018-05-17 07:27:55,2018-05-17 07:28:31
186,UTC-0400,1.0,F/D7+hL5E5,2018-03-28 09:10:05,2018-03-28 09:10:31
187,UTC-0500,9.0,F/D7+hL5E5,2018-02-19 19:05:23,2018-02-19 19:06:53
188,UTC+0200,1.0,F/D7+hL5E5,2018-08-23 17:18:41,2018-08-23 17:19:07
189,UTC-0400,2.0,F/D7+hL5E5,2018-06-06 16:25:07,2018-06-06 16:25:52
190,UTC-0500,1.0,F/D7+hL5E5,2018-02-13 07:47:39,2018-02-13 07:47:57
191,UTC-0400,1.0,F/D7+hL5E5,2018-11-01 09:12:35,2018-11-01 09:12:50
192,UTC-0500,1.0,F/D7+hL5E5,2018-11-21 09:12:52,2018-11-21 09:13:22
193,UTC-0400,1.0,F/D7+hL5E5,2018-08-01 07:53:42,2018-08-01 07:53:57
194,UTC-0500,3.0,F/D7+hL5E5,2018-03-07 17:22:12,2018-03-07 17:22:36
195,UTC-0400,3.0,F/D7+hL5E5,2018-08-19 00:06:22,2018-08-19 00:07:13
196,UTC-0500,11.0,F/D7+hL5E5,2018-02-05 20:13:26,2018-02-05 20:16:00
197,UTC-0400,9.0,F/D7+hL5E5,2018-04-24 07:34:31,2018-04-24 07:36:51
198,UTC-0400,1.0,F/D7+hL5E5,2018-06-22 20:04:24,2018-06-22 20:04:53
199,UTC-0800,1.0,F/D7+hL5E5,2017-12-22 15:58:40,2017-12-22 15:58:50
200,UTC-0500,3.0,F/D7+hL5E5,2018-02-07 17:16:25,2018-02-07 17:17:59
201,UTC-0400,7.0,F/D7+hL5E5,2018-04-13 17:16:04,2018-04-13 17:18:03
202,UTC-0400,3.0,F/D7+hL5E5,2018-09-12 17:07:28,2018-09-12 17:08:22
203,UTC-0500,1.0,F/D7+hL5E5,2018-12-28 14:30:56,2018-12-28 14:31:04
204,UTC+0200,2.0,F/D7+hL5E5,2018-08-26 17:50:00,2018-08-26 17:51:04
205,UTC-0400,2.0,F/D7+hL5E5,2018-04-02 15:50:38,2018-04-02 15:51:23
206,UTC-0400,4.0,F/D7+hL5E5,2018-04-04 07:52:43,2018-04-04 07:54:03
207,UTC-0400,1.0,F/D7+hL5E5,2018-08-17 12:35:42,2018-08-17 12:36:00
208,UTC-0500,9.0,F/D7+hL5E5,2019-01-02 12:07:37,2019-01-02 12:10:06
209,UTC-0500,6.0,F/D7+hL5E5,2018-01-08 10:01:22,2018-01-08 10:02:50
210,UTC-0400,2.0,F/D7+hL5E5,2018-09-02 07:39:18,2018-09-02 07:40:04
211,UTC-0800,2.0,F/D7+hL5E5,2017-12-25 11:15:46,2017-12-25 11:16:31
212,UTC-0500,1.0,F/D7+hL5E5,2018-12-18 17:46:31,2018-12-18 17:46:55
213,UTC-0500,1.0,F/D7+hL5E5,2018-02-28 18:05:42,2018-02-28 18:06:08
214,UTC-0400,1.0,F/D7+hL5E5,2018-03-16 20:00:09,2018-03-16 20:00:33
215,UTC-0400,2.0,F/D7+hL5E5,2018-10-15 18:38:17,2018-10-15 18:39:01
216,UTC-0400,1.0,F/D7+hL5E5,2018-05-31 08:52:01,2018-05-31 08:52:16
217,UTC-0400,1.0,F/D7+hL5E5,2018-09-10 18:07:51,2018-09-10 18:07:59
218,UTC-0500,1.0,F/D7+hL5E5,2018-11-21 20:10:33,2018-11-21 20:10:52
219,UTC-0400,1.0,F/D7+hL5E5,2018-05-04 18:11:20,2018-05-04 18:11:31
220,UTC-0400,1.0,F/D7+hL5E5,2018-04-30 19:29:07,2018-04-30 19:29:33
221,UTC-0500,1.0,F/D7+hL5E5,2018-02-12 08:42:05,2018-02-12 08:42:18
222,UTC+0200,1.0,F/D7+hL5E5,2018-08-21 16:30:10,2018-08-21 16:30:37
223,UTC-0400,1.0,F/D7+hL5E5,2018-07-18 08:14:51,2018-07-18 08:15:06
224,UTC-0400,2.0,F/D7+hL5E5,2018-09-30 13:30:13,2018-09-30 13:31:02
225,UTC-0400,1.0,F/D7+hL5E5,2018-04-19 09:02:00,2018-04-19 09:02:10
226,UTC-0400,1.0,F/D7+hL5E5,2018-04-05 08:44:00,2018-04-05 08:44:10
227,UTC-0400,1.0,F/D7+hL5E5,2018-03-21 20:01:18,2018-03-21 20:01:38
228,UTC-0800,2.0,F/D7+hL5E5,2017-12-21 11:15:33,2017-12-21 11:16:21
229,UTC-0400,1.0,F/D7+hL5E5,2018-10-12 14:47:12,2018-10-12 14:47:29
230,UTC-0400,1.0,F/D7+hL5E5,2018-05-28 08:45:07,2018-05-28 08:45:19
231,UTC-0400,1.0,F/D7+hL5E5,2018-04-05 16:31:55,2018-04-05 16:32:07
232,UTC+0200,1.0,F/D7+hL5E5,2018-08-27 11:23:29,2018-08-27 11:23:42
233,UTC-0400,1.0,F/D7+hL5E5,2018-04-04 13:34:22,2018-04-04 13:34:33
234,UTC-0400,1.0,F/D7+hL5E5,2018-10-17 20:58:37,2018-10-17 20:59:05
235,UTC-0400,1.0,F/D7+hL5E5,2018-09-26 21:02:00,2018-09-26 21:02:27
236,UTC-0400,9.0,F/D7+hL5E5,2018-03-28 21:05:47,2018-03-28 21:07:48
237,UTC-0500,2.0,F/D7+hL5E5,2018-02-28 17:58:25,2018-02-28 17:59:43
238,UTC-0400,1.0,F/D7+hL5E5,2018-05-08 06:43:52,2018-05-08 06:44:09
239,UTC-0400,1.0,F/D7+hL5E5,2018-11-01 20:06:33,2018-11-01 20:07:01
240,UTC-0500,1.0,F/D7+hL5E5,2018-03-05 18:31:49,2018-03-05 18:32:01
241,UTC-0800,2.0,F/D7+hL5E5,2017-12-24 08:59:08,2017-12-24 08:59:37
242,UTC-0500,9.0,F/D7+hL5E5,2018-02-09 07:27:15,2018-02-09 07:29:26
243,UTC-0400,1.0,F/D7+hL5E5,2018-05-23 17:22:27,2018-05-23 17:22:46
244,UTC-0400,2.0,F/D7+hL5E5,2018-05-11 19:00:39,2018-05-11 19:02:00
245,UTC-0500,1.0,F/D7+hL5E5,2017-12-18 09:15:09,2017-12-18 09:15:38
246,UTC-0400,1.0,F/D7+hL5E5,2018-04-19 19:30:15,2018-04-19 19:30:39
247,UTC-0400,1.0,F/D7+hL5E5,2018-05-07 08:43:28,2018-05-07 08:43:50
248,UTC-0500,1.0,F/D7+hL5E5,2018-02-07 09:08:23,2018-02-07 09:08:37
249,UTC-0800,1.0,F/D7+hL5E5,2017-12-24 11:32:59,2017-12-24 11:33:28
250,UTC-0500,1.0,F/D7+hL5E5,2018-02-26 16:14:08,2018-02-26 16:14:31
251,UTC-0400,1.0,F/D7+hL5E5,2018-07-09 19:37:49,2018-07-09 19:38:14
252,UTC+0200,19.0,F/D7+hL5E5,2018-08-23 10:39:14,2018-08-23 10:47:48
253,UTC-0800,3.0,F/D7+hL5E5,2017-12-25 10:09:13,2017-12-25 10:10:28
254,UTC-0500,2.0,F/D7+hL5E5,2018-03-05 18:35:54,2018-03-05 18:36:45
255,UTC-0400,1.0,F/D7+hL5E5,2018-08-09 08:37:56,2018-08-09 08:38:11
256,UTC-0400,9.0,F/D7+hL5E5,2018-09-18 18:15:23,2018-09-18 18:17:13
257,UTC-0400,1.0,F/D7+hL5E5,2018-07-12 09:13:42,2018-07-12 09:14:01
258,UTC-0400,3.0,F/D7+hL5E5,2018-04-04 20:58:37,2018-04-04 21:00:27
259,UTC-0500,1.0,F/D7+hL5E5,2018-12-13 13:19:19,2018-12-13 13:19:36
260,UTC-0400,3.0,F/D7+hL5E5,2018-07-16 16:17:52,2018-07-16 16:19:39
261,UTC-0500,2.0,F/D7+hL5E5,2018-11-12 08:47:21,2018-11-12 08:47:59
262,UTC-0800,1.0,F/D7+hL5E5,2017-12-30 15:04:33,2017-12-30 15:05:15
263,UTC-0500,10.0,F/D7+hL5E5,2018-02-08 19:57:18,2018-02-08 19:59:58
264,UTC-0400,2.0,F/D7+hL5E5,2018-07-06 18:39:31,2018-07-06 18:39:54
265,UTC-0400,1.0,F/D7+hL5E5,2018-06-17 12:38:59,2018-06-17 12:39:12
266,UTC-0400,2.0,F/D7+hL5E5,2018-06-19 17:47:27,2018-06-19 17:48:29
267,UTC-0500,1.0,F/D7+hL5E5,2018-11-08 13:08:45,2018-11-08 13:08:59
268,UTC-0400,1.0,F/D7+hL5E5,2018-10-17 09:15:50,2018-10-17 09:16:00
269,UTC-0500,2.0,F/D7+hL5E5,2018-01-16 18:37:29,2018-01-16 18:38:21
270,UTC-0800,1.0,F/D7+hL5E5,2017-12-20 12:31:21,2017-12-20 12:31:35
271,UTC-0400,1.0,F/D7+hL5E5,2018-09-26 20:19:30,2018-09-26 20:19:48
272,UTC-0400,1.0,F/D7+hL5E5,2018-05-03 15:54:16,2018-05-03 15:54:39
273,UTC-0400,2.0,F/D7+hL5E5,2018-03-14 20:58:36,2018-03-14 20:59:31
274,UTC-0500,1.0,F/D7+hL5E5,2018-01-03 09:09:08,2018-01-03 09:09:26
275,UTC-0400,3.0,F/D7+hL5E5,2018-04-11 17:37:26,2018-04-11 17:38:43
276,UTC-0400,1.0,F/D7+hL5E5,2018-07-16 08:49:17,2018-07-16 08:49:34
277,UTC-0500,1.0,F/D7+hL5E5,2017-12-16 11:28:13,2017-12-16 11:28:23
278,UTC-0400,9.0,F/D7+hL5E5,2018-08-12 20:47:08,2018-08-12 20:48:52
279,UTC-0500,8.0,F/D7+hL5E5,2018-02-09 12:43:06,2018-02-09 12:44:57
280,UTC-0400,1.0,F/D7+hL5E5,2018-06-06 08:14:36,2018-06-06 08:14:49
281,UTC+0200,5.0,F/D7+hL5E5,2018-08-23 18:46:45,2018-08-23 18:48:31
282,UTC-0400,1.0,F/D7+hL5E5,2018-04-10 08:04:31,2018-04-10 08:04:40
283,UTC-0500,9.0,F/D7+hL5E5,2018-01-21 08:03:16,2018-01-21 08:05:01
284,UTC-0400,1.0,F/D7+hL5E5,2018-11-01 08:13:49,2018-11-01 08:14:07
285,UTC-0400,1.0,F/D7+hL5E5,2018-04-14 14:10:01,2018-04-14 14:10:33
286,UTC-0500,3.0,F/D7+hL5E5,2018-01-24 20:30:15,2018-01-24 20:31:52
287,UTC-0400,1.0,F/D7+hL5E5,2018-09-26 20:00:51,2018-09-26 20:01:18
288,UTC-0400,1.0,F/D7+hL5E5,2018-09-13 07:48:38,2018-09-13 07:48:57
289,UTC-0400,1.0,F/D7+hL5E5,2018-03-21 17:04:28,2018-03-21 17:04:50
290,UTC-0400,1.0,F/D7+hL5E5,2018-06-13 20:21:06,2018-06-13 20:21:21
291,UTC-0400,1.0,F/D7+hL5E5,2018-05-22 08:01:38,2018-05-22 08:02:07
292,UTC-0400,1.0,F/D7+hL5E5,2018-10-31 08:43:23,2018-10-31 08:43:37
293,UTC-0500,1.0,F/D7+hL5E5,2018-11-07 09:10:48,2018-11-07 09:11:01
294,UTC-0400,3.0,F/D7+hL5E5,2018-03-27 20:08:22,2018-03-27 20:10:07
295,UTC-0500,1.0,F/D7+hL5E5,2017-12-18 15:50:25,2017-12-18 15:50:51
296,UTC-0500,1.0,F/D7+hL5E5,2018-03-02 07:46:28,2018-03-02 07:46:41
297,UTC-0400,1.0,F/D7+hL5E5,2018-10-22 07:52:34,2018-10-22 07:53:03
298,UTC-0400,1.0,F/D7+hL5E5,2018-07-24 09:08:19,2018-07-24 09:08:28
299,UTC+0200,2.0,F/D7+hL5E5,2018-08-26 13:12:31,2018-08-26 13:13:14
300,UTC-0400,1.0,F/D7+hL5E5,2018-04-04 19:44:07,2018-04-04 19:44:18
301,UTC-0500,1.0,F/D7+hL5E5,2018-11-28 11:58:52,2018-11-28 11:59:10
302,UTC-0500,1.0,F/D7+hL5E5,2018-01-29 17:32:09,2018-01-29 17:32:26
303,UTC+0200,16.0,F/D7+hL5E5,2018-08-25 21:30:39,2018-08-25 21:37:59
304,UTC-0500,8.0,F/D7+hL5E5,2018-11-15 16:44:57,2018-11-15 16:46:45
305,UTC-0500,2.0,F/D7+hL5E5,2018-01-31 08:08:21,2018-01-31 08:09:15
306,UTC-0500,1.0,F/D7+hL5E5,2018-01-18 12:37:16,2018-01-18 12:37:25
307,UTC-0400,1.0,F/D7+hL5E5,2018-04-02 08:41:19,2018-04-02 08:41:41
308,UTC-0400,1.0,F/D7+hL5E5,2018-05-02 11:17:26,2018-05-02 11:17:50
309,UTC-0400,1.0,F/D7+hL5E5,2018-04-04 08:44:27,2018-04-04 08:44:46
310,UTC-0400,2.0,F/D7+hL5E5,2018-07-18 07:18:21,2018-07-18 07:19:54
311,UTC-0500,2.0,F/D7+hL5E5,2018-02-08 19:43:38,2018-02-08 19:44:15
312,UTC-0400,1.0,F/D7+hL5E5,2018-05-05 16:44:08,2018-05-05 16:44:30
313,UTC-0400,1.0,F/D7+hL5E5,2018-06-27 16:38:21,2018-06-27 16:38:43
314,UTC-0400,1.0,F/D7+hL5E5,2018-07-20 08:27:21,2018-07-20 08:27:29
315,UTC-0400,1.0,F/D7+hL5E5,2018-05-16 17:45:51,2018-05-16 17:46:01
316,UTC-0500,1.0,F/D7+hL5E5,2018-02-21 14:14:07,2018-02-21 14:14:18
317,UTC-0400,1.0,F/D7+hL5E5,2018-03-28 20:08:27,2018-03-28 20:08:53
318,UTC-0400,1.0,F/D7+hL5E5,2018-05-23 18:12:54,2018-05-23 18:13:35
319,UTC-0400,1.0,F/D7+hL5E5,2018-04-14 15:21:32,2018-04-14 15:21:45
320,UTC-0500,1.0,F/D7+hL5E5,2018-11-14 20:55:27,2018-11-14 20:55:36
321,UTC-0400,1.0,F/D7+hL5E5,2018-05-11 08:36:47,2018-05-11 08:36:57
322,UTC-0400,1.0,F/D7+hL5E5,2018-10-24 08:08:07,2018-10-24 08:08:29
323,UTC-0400,1.0,F/D7+hL5E5,2018-04-19 19:32:06,2018-04-19 19:32:35
324,UTC-0500,3.0,F/D7+hL5E5,2018-02-05 08:09:58,2018-02-05 08:11:56
325,UTC-0500,4.0,F/D7+hL5E5,2018-11-28 20:59:43,2018-11-28 21:02:24
326,UTC-0400,1.0,F/D7+hL5E5,2018-07-25 19:20:24,2018-07-25 19:20:46
327,UTC-0800,1.0,F/D7+hL5E5,2017-12-31 10:32:34,2017-12-31 10:32:54
328,UTC-0400,1.0,F/D7+hL5E5,2018-04-02 07:35:57,2018-04-02 07:36:25
329,UTC-0500,8.0,F/D7+hL5E5,2018-03-10 11:23:00,2018-03-10 11:24:33
330,UTC-0500,1.0,F/D7+hL5E5,2018-02-21 20:53:46,2018-02-21 20:53:59
331,UTC-0500,1.0,F/D7+hL5E5,2018-12-20 07:58:36,2018-12-20 07:59:03
332,UTC-0800,6.0,F/D7+hL5E5,2017-12-25 11:47:43,2017-12-25 11:49:31
333,UTC-0500,1.0,F/D7+hL5E5,2018-02-21 20:05:05,2018-02-21 20:05:32
334,UTC-0400,1.0,F/D7+hL5E5,2018-05-07 15:10:20,2018-05-07 15:10:38
335,UTC-0500,3.0,F/D7+hL5E5,2018-02-14 17:21:41,2018-02-14 17:22:42
336,UTC-0400,4.0,F/D7+hL5E5,2018-09-15 18:19:21,2018-09-15 18:20:07
337,UTC-0400,2.0,F/D7+hL5E5,2018-04-11 19:53:18,2018-04-11 19:54:54
338,UTC-0500,2.0,F/D7+hL5E5,2018-11-23 08:11:27,2018-11-23 08:13:00
339,UTC-0400,1.0,F/D7+hL5E5,2018-08-30 14:48:11,2018-08-30 14:48:27
340,UTC-0500,7.0,F/D7+hL5E5,2018-12-20 09:00:04,2018-12-20 09:01:41
341,UTC-0400,1.0,F/D7+hL5E5,2018-05-16 13:38:30,2018-05-16 13:38:58
342,UTC-0500,1.0,F/D7+hL5E5,2018-01-29 18:23:25,2018-01-29 18:23:37
343,UTC-0500,1.0,F/D7+hL5E5,2018-02-21 07:42:35,2018-02-21 07:42:53
344,UTC-0400,1.0,F/D7+hL5E5,2018-06-09 09:29:08,2018-06-09 09:29:28
345,UTC-0500,4.0,F/D7+hL5E5,2018-03-07 07:51:24,2018-03-07 07:53:30
346,UTC-0500,1.0,F/D7+hL5E5,2018-11-26 16:00:39,2018-11-26 16:00:52
347,UTC-0500,4.0,F/D7+hL5E5,2018-01-07 18:17:13,2018-01-07 18:17:59
348,UTC-0400,2.0,F/D7+hL5E5,2018-05-24 17:59:06,2018-05-24 18:00:17
349,UTC-0400,1.0,F/D7+hL5E5,2018-04-17 17:23:08,2018-04-17 17:23:29
350,UTC-0400,2.0,F/D7+hL5E5,2018-06-29 19:33:27,2018-06-29 19:34:29
351,UTC-0400,9.0,F/D7+hL5E5,2018-09-25 17:31:46,2018-09-25 17:34:02
352,UTC-0500,3.0,F/D7+hL5E5,2018-12-26 12:23:26,2018-12-26 12:24:48
353,UTC-0500,9.0,F/D7+hL5E5,2018-12-14 18:14:42,2018-12-14 18:16:40
354,UTC-0400,1.0,F/D7+hL5E5,2018-04-11 19:51:58,2018-04-11 19:52:14
355,UTC-0400,1.0,F/D7+hL5E5,2018-04-23 14:27:35,2018-04-23 14:27:58
356,UTC-0500,1.0,F/D7+hL5E5,2018-01-03 09:13:51,2018-01-03 09:14:11
357,UTC-0500,1.0,F/D7+hL5E5,2018-12-08 17:59:30,2018-12-08 17:59:42
358,UTC-0500,1.0,F/D7+hL5E5,2018-12-31 16:57:01,2018-12-31 16:57:17
359,UTC-0400,1.0,F/D7+hL5E5,2018-05-08 06:51:09,2018-05-08 06:51:24
360,UTC-0500,9.0,F/D7+hL5E5,2018-02-02 08:21:15,2018-02-02 08:23:04
361,UTC-0400,1.0,F/D7+hL5E5,2018-04-17 17:30:25,2018-04-17 17:30:31
362,UTC-0400,1.0,F/D7+hL5E5,2018-03-16 09:04:23,2018-03-16 09:04:48
363,UTC-0400,3.0,F/D7+hL5E5,2018-10-30 18:38:21,2018-10-30 18:39:51
364,UTC-0400,1.0,F/D7+hL5E5,2018-04-21 12:24:43,2018-04-21 12:25:09
365,UTC-0400,1.0,F/D7+hL5E5,2018-10-05 15:46:08,2018-10-05 15:46:23
366,UTC-0400,1.0,F/D7+hL5E5,2018-06-01 22:12:14,2018-06-01 22:12:43
367,UTC-0400,2.0,F/D7+hL5E5,2018-07-17 19:36:49,2018-07-17 19:37:10
368,UTC-0400,1.0,F/D7+hL5E5,2018-03-21 17:07:39,2018-03-21 17:07:56
369,UTC-0400,1.0,F/D7+hL5E5,2018-07-06 18:37:48,2018-07-06 18:38:01
370,UTC-0500,1.0,F/D7+hL5E5,2018-02-22 17:52:46,2018-02-22 17:53:03
371,UTC-0500,1.0,F/D7+hL5E5,2018-02-16 08:16:50,2018-02-16 08:17:00
372,UTC-0500,7.0,F/D7+hL5E5,2018-12-14 09:18:41,2018-12-14 09:20:20
373,UTC-0400,1.0,F/D7+hL5E5,2018-09-27 08:14:23,2018-09-27 08:14:41
374,UTC-0500,1.0,F/D7+hL5E5,2018-11-07 20:03:41,2018-11-07 20:03:51
375,UTC-0400,9.0,F/D7+hL5E5,2018-03-31 08:51:09,2018-03-31 08:52:48
376,UTC-0500,9.0,F/D7+hL5E5,2018-12-19 13:16:05,2018-12-19 13:18:01
377,UTC-0500,1.0,F/D7+hL5E5,2018-01-14 14:30:38,2018-01-14 14:30:55
378,UTC-0400,2.0,F/D7+hL5E5,2018-05-11 07:39:55,2018-05-11 07:41:07
379,UTC-0400,1.0,F/D7+hL5E5,2018-04-11 19:47:17,2018-04-11 19:47:30
380,UTC-0400,3.0,F/D7+hL5E5,2018-10-01 16:03:01,2018-10-01 16:03:37
381,UTC-0800,1.0,F/D7+hL5E5,2018-01-01 12:24:21,2018-01-01 12:24:50
382,UTC-0500,1.0,F/D7+hL5E5,2018-01-22 09:10:58,2018-01-22 09:11:21
383,UTC-0500,1.0,F/D7+hL5E5,2018-01-16 17:39:08,2018-01-16 17:39:23
384,UTC-0500,1.0,F/D7+hL5E5,2018-03-05 17:41:51,2018-03-05 17:42:03
385,UTC-0500,1.0,F/D7+hL5E5,2018-03-04 15:06:12,2018-03-04 15:06:18
386,UTC-0500,1.0,F/D7+hL5E5,2018-01-06 16:15:36,2018-01-06 16:16:07
387,UTC-0500,1.0,F/D7+hL5E5,2018-02-28 08:47:08,2018-02-28 08:47:17
388,UTC-0400,1.0,F/D7+hL5E5,2018-03-19 18:30:42,2018-03-19 18:31:09
389,UTC-0500,2.0,F/D7+hL5E5,2018-02-14 20:05:11,2018-02-14 20:06:21
390,UTC-0500,9.0,F/D7+hL5E5,2018-01-16 18:43:57,2018-01-16 18:45:50
391,UTC-0400,1.0,F/D7+hL5E5,2018-09-17 19:04:38,2018-09-17 19:05:02
392,UTC-0500,1.0,F/D7+hL5E5,2018-11-27 18:43:17,2018-11-27 18:43:56
393,UTC-0400,1.0,F/D7+hL5E5,2018-10-03 20:06:07,2018-10-03 20:06:31
394,UTC+0200,1.0,F/D7+hL5E5,2018-08-25 22:05:50,2018-08-25 22:06:04
395,UTC-0500,9.0,F/D7+hL5E5,2018-12-10 18:20:56,2018-12-10 18:22:43
396,UTC-0400,1.0,F/D7+hL5E5,2018-07-31 20:47:38,2018-07-31 20:47:50
397,UTC-0400,1.0,F/D7+hL5E5,2018-04-08 15:07:09,2018-04-08 15:07:32
398,UTC-0500,9.0,F/D7+hL5E5,2018-02-12 18:41:56,2018-02-12 18:43:43
399,UTC-0800,2.0,F/D7+hL5E5,2017-12-31 20:11:27,2017-12-31 20:12:06
400,UTC-0500,2.0,F/D7+hL5E5,2018-12-14 17:27:42,2018-12-14 17:28:09
401,UTC+0200,1.0,F/D7+hL5E5,2018-08-19 21:17:37,2018-08-19 21:18:02
402,UTC-0800,5.0,F/D7+hL5E5,2017-12-31 10:45:56,2017-12-31 10:47:34
403,UTC-0500,1.0,F/D7+hL5E5,2018-01-04 17:38:20,2018-01-04 17:38:41
404,UTC-0400,1.0,F/D7+hL5E5,2018-06-11 18:15:17,2018-06-11 18:15:35
405,UTC-0800,9.0,F/D7+hL5E5,2017-12-25 11:40:19,2017-12-25 11:43:02
406,UTC-0500,1.0,F/D7+hL5E5,2018-03-04 17:00:35,2018-03-04 17:01:09
407,UTC-0400,2.0,F/D7+hL5E5,2018-10-16 19:12:42,2018-10-16 19:13:30
408,UTC-0400,1.0,F/D7+hL5E5,2018-07-11 20:07:03,2018-07-11 20:07:23
409,UTC-0400,1.0,F/D7+hL5E5,2018-05-31 07:43:49,2018-05-31 07:44:06
410,UTC-0500,3.0,F/D7+hL5E5,2018-01-03 08:14:50,2018-01-03 08:16:17
411,UTC-0400,1.0,F/D7+hL5E5,2018-07-30 19:28:49,2018-07-30 19:29:06
412,UTC-0800,2.0,F/D7+hL5E5,2017-12-25 10:04:52,2017-12-25 10:05:44
413,UTC-0400,2.0,F/D7+hL5E5,2018-06-03 20:08:33,2018-06-03 20:09:04
414,UTC-0500,7.0,F/D7+hL5E5,2018-12-18 12:58:18,2018-12-18 12:59:55
415,UTC-0500,1.0,F/D7+hL5E5,2018-01-05 11:59:55,2018-01-05 12:00:17
416,UTC-0400,1.0,F/D7+hL5E5,2018-05-03 08:11:04,2018-05-03 08:11:35
417,UTC-0400,8.0,F/D7+hL5E5,2018-06-21 07:50:21,2018-06-21 07:52:13
418,UTC-0500,1.0,F/D7+hL5E5,2018-12-14 08:11:05,2018-12-14 08:11:25
419,UTC-0500,9.0,F/D7+hL5E5,2018-02-18 21:25:38,2018-02-18 21:27:17
420,UTC-0400,1.0,F/D7+hL5E5,2018-05-03 08:13:11,2018-05-03 08:13:26
421,UTC-0400,8.0,F/D7+hL5E5,2018-05-22 20:07:08,2018-05-22 20:09:01
422,UTC-0400,1.0,F/D7+hL5E5,2018-04-09 07:42:16,2018-04-09 07:42:36
423,UTC-0400,1.0,F/D7+hL5E5,2018-06-25 08:45:38,2018-06-25 08:45:45
424,UTC-0500,9.0,F/D7+hL5E5,2018-12-23 12:31:33,2018-12-23 12:33:25
425,UTC-0400,1.0,F/D7+hL5E5,2018-06-19 18:38:18,2018-06-19 18:38:42
426,UTC-0500,1.0,F/D7+hL5E5,2018-01-24 17:34:02,2018-01-24 17:34:17
427,UTC-0500,1.0,F/D7+hL5E5,2018-11-20 17:21:56,2018-11-20 17:22:09
428,UTC-0500,2.0,F/D7+hL5E5,2018-01-03 15:18:22,2018-01-03 15:19:36
429,UTC-0500,1.0,F/D7+hL5E5,2018-11-08 13:15:46,2018-11-08 13:16:01
430,UTC-0500,6.0,F/D7+hL5E5,2018-12-05 08:46:37,2018-12-05 08:48:17
431,UTC-0500,1.0,F/D7+hL5E5,2018-01-10 20:14:57,2018-01-10 20:15:06
432,UTC-0500,1.0,F/D7+hL5E5,2018-01-28 10:50:19,2018-01-28 10:50:32
433,UTC-0500,6.0,F/D7+hL5E5,2017-12-18 08:12:32,2017-12-18 08:16:28
434,UTC-0500,2.0,F/D7+hL5E5,2018-01-10 20:16:28,2018-01-10 20:16:49
435,UTC-0400,1.0,F/D7+hL5E5,2018-03-27 09:15:28,2018-03-27 09:15:41
436,UTC-0500,1.0,F/D7+hL5E5,2018-02-28 19:05:17,2018-02-28 19:05:43
437,UTC-0400,1.0,F/D7+hL5E5,2018-04-05 15:53:04,2018-04-05 15:53:29
438,UTC-0400,4.0,F/D7+hL5E5,2018-06-07 07:43:12,2018-06-07 07:46:22
439,UTC-0500,1.0,F/D7+hL5E5,2018-12-11 08:00:14,2018-12-11 08:00:32
440,UTC-0400,1.0,F/D7+hL5E5,2018-09-13 08:38:12,2018-09-13 08:38:26
441,UTC-0500,2.0,F/D7+hL5E5,2018-02-16 09:14:47,2018-02-16 09:15:57
442,UTC-0400,1.0,F/D7+hL5E5,2018-09-10 17:37:08,2018-09-10 17:37:30
443,UTC-0500,1.0,F/D7+hL5E5,2018-11-14 09:13:45,2018-11-14 09:14:19
444,UTC-0400,1.0,F/D7+hL5E5,2018-04-15 20:25:10,2018-04-15 20:25:23
445,UTC-0500,1.0,F/D7+hL5E5,2018-02-14 07:44:35,2018-02-14 07:45:02
446,UTC-0400,1.0,F/D7+hL5E5,2018-04-09 08:42:19,2018-04-09 08:42:38
447,UTC-0500,3.0,F/D7+hL5E5,2018-11-21 17:37:07,2018-11-21 17:38:13
448,UTC-0400,1.0,F/D7+hL5E5,2018-04-25 16:58:10,2018-04-25 16:58:25
449,UTC-0400,1.0,F/D7+hL5E5,2018-04-05 16:41:28,2018-04-05 16:41:37
450,UTC-0400,1.0,F/D7+hL5E5,2018-03-16 11:54:39,2018-03-16 11:54:56
451,UTC-0500,1.0,F/D7+hL5E5,2018-03-05 08:36:46,2018-03-05 08:37:03
452,UTC-0400,1.0,F/D7+hL5E5,2018-04-10 12:17:06,2018-04-10 12:17:22
453,UTC-0500,2.0,F/D7+hL5E5,2018-01-06 15:40:41,2018-01-06 15:41:07
454,UTC-0500,7.0,F/D7+hL5E5,2018-12-11 09:16:20,2018-12-11 09:17:57
455,UTC-0400,9.0,F/D7+hL5E5,2018-06-23 12:23:02,2018-06-23 12:24:29
456,UTC-0400,1.0,F/D7+hL5E5,2018-05-03 15:49:50,2018-05-03 15:50:09
457,UTC-0400,9.0,F/D7+hL5E5,2018-04-18 19:57:40,2018-04-18 19:59:28
458,UTC-0400,2.0,F/D7+hL5E5,2018-06-07 18:24:26,2018-06-07 18:24:52
459,UTC-0400,3.0,F/D7+hL5E5,2018-05-28 07:34:29,2018-05-28 07:35:29
460,UTC-0500,2.0,F/D7+hL5E5,2018-03-08 18:28:35,2018-03-08 18:29:30
461,UTC-0400,2.0,F/D7+hL5E5,2018-07-29 08:37:04,2018-07-29 08:37:38
462,UTC-0400,1.0,F/D7+hL5E5,2018-03-25 17:43:30,2018-03-25 17:43:37
463,UTC-0500,1.0,F/D7+hL5E5,2018-03-02 18:42:15,2018-03-02 18:42:36
464,UTC-0400,1.0,F/D7+hL5E5,2018-08-14 20:10:09,2018-08-14 20:10:33
465,UTC-0400,2.0,F/D7+hL5E5,2018-06-19 17:50:19,2018-06-19 17:50:50
466,UTC-0500,1.0,F/D7+hL5E5,2018-11-07 17:22:11,2018-11-07 17:22:25
467,UTC-0400,1.0,F/D7+hL5E5,2018-10-10 19:58:26,2018-10-10 19:58:39
468,UTC-0400,2.0,F/D7+hL5E5,2018-10-24 17:29:16,2018-10-24 17:30:42
469,UTC-0400,1.0,F/D7+hL5E5,2018-06-24 17:05:29,2018-06-24 17:05:53
470,UTC-0500,1.0,F/D7+hL5E5,2018-11-28 17:39:50,2018-11-28 17:40:02
471,UTC-0500,3.0,F/D7+hL5E5,2018-01-31 21:00:29,2018-01-31 21:02:36
472,UTC-0400,2.0,F/D7+hL5E5,2018-06-25 19:05:12,2018-06-25 19:06:09
473,UTC-0400,1.0,F/D7+hL5E5,2018-06-14 23:05:55,2018-06-14 23:06:20
474,UTC-0400,2.0,F/D7+hL5E5,2018-03-21 20:58:20,2018-03-21 20:59:33
475,UTC-0500,1.0,F/D7+hL5E5,2018-02-16 19:46:47,2018-02-16 19:47:04
476,UTC-0400,2.0,F/D7+hL5E5,2018-07-20 08:04:37,2018-07-20 08:05:00
477,UTC-0500,2.0,F/D7+hL5E5,2018-12-18 09:56:28,2018-12-18 09:56:55
478,UTC-0500,1.0,F/D7+hL5E5,2018-02-15 14:51:52,2018-02-15 14:52:10
479,UTC+0200,1.0,F/D7+hL5E5,2018-08-28 19:04:15,2018-08-28 19:04:33
480,UTC-0400,1.0,F/D7+hL5E5,2018-04-11 20:56:40,2018-04-11 20:56:53
481,UTC-0400,8.0,F/D7+hL5E5,2018-04-10 16:42:11,2018-04-10 16:43:56
482,UTC-0400,1.0,F/D7+hL5E5,2018-06-15 08:02:39,2018-06-15 08:02:53
483,UTC-0400,1.0,F/D7+hL5E5,2018-09-20 18:38:43,2018-09-20 18:38:59
484,UTC-0400,1.0,F/D7+hL5E5,2018-03-23 08:47:27,2018-03-23 08:47:52
485,UTC-0400,1.0,F/D7+hL5E5,2018-08-05 09:06:01,2018-08-05 09:06:09
486,UTC-0400,1.0,F/D7+hL5E5,2018-05-16 09:26:11,2018-05-16 09:26:26
487,UTC-0400,1.0,F/D7+hL5E5,2018-03-12 15:49:10,2018-03-12 15:49:31
488,UTC-0400,1.0,F/D7+hL5E5,2018-04-26 07:43:04,2018-04-26 07:43:28
489,UTC-0400,1.0,F/D7+hL5E5,2018-04-26 08:45:59,2018-04-26 08:46:05
490,UTC-0400,1.0,F/D7+hL5E5,2018-05-31 07:53:18,2018-05-31 07:53:35
491,UTC-0400,1.0,F/D7+hL5E5,2018-03-19 17:30:26,2018-03-19 17:30:48
492,UTC-0400,1.0,F/D7+hL5E5,2018-07-30 08:47:19,2018-07-30 08:47:33
493,UTC+0200,1.0,F/D7+hL5E5,2018-08-24 20:57:51,2018-08-24 20:58:36
494,UTC-0500,1.0,F/D7+hL5E5,2018-11-06 07:15:37,2018-11-06 07:15:50
495,UTC-0500,4.0,F/D7+hL5E5,2018-12-26 12:13:57,2018-12-26 12:15:59
496,UTC-0500,9.0,F/D7+hL5E5,2018-01-06 17:07:12,2018-01-06 17:08:54
497,UTC-0400,1.0,F/D7+hL5E5,2018-03-12 17:53:19,2018-03-12 17:53:38
498,UTC-0500,1.0,F/D7+hL5E5,2018-12-08 15:21:14,2018-12-08 15:21:21
499,UTC+0200,1.0,F/D7+hL5E5,2018-08-25 15:53:59,2018-08-25 15:54:17
500,UTC-0400,1.0,F/D7+hL5E5,2018-09-16 07:49:33,2018-09-16 07:49:39
501,UTC-0500,2.0,F/D7+hL5E5,2019-01-02 08:49:09,2019-01-02 08:49:36
502,UTC-0400,5.0,F/D7+hL5E5,2018-03-19 07:44:54,2018-03-19 07:47:47
503,UTC+0200,2.0,F/D7+hL5E5,2018-08-19 21:25:57,2018-08-19 21:26:37
504,UTC-0400,1.0,F/D7+hL5E5,2018-10-10 21:00:09,2018-10-10 21:00:37
505,UTC-0400,1.0,F/D7+hL5E5,2018-04-19 19:26:19,2018-04-19 19:26:31
506,UTC-0400,1.0,F/D7+hL5E5,2018-09-21 20:39:31,2018-09-21 20:39:49
507,UTC-0400,1.0,F/D7+hL5E5,2018-06-17 14:12:12,2018-06-17 14:12:32
508,UTC-0400,1.0,F/D7+hL5E5,2018-08-12 20:20:09,2018-08-12 20:20:29
509,UTC-0400,1.0,F/D7+hL5E5,2018-07-30 07:54:42,2018-07-30 07:54:57
510,UTC-0400,2.0,F/D7+hL5E5,2018-06-09 11:18:15,2018-06-09 11:18:46
511,UTC-0400,2.0,F/D7+hL5E5,2018-10-17 17:24:41,2018-10-17 17:26:08
512,UTC-0500,5.0,F/D7+hL5E5,2019-01-01 13:36:09,2019-01-01 13:37:43
513,UTC-0800,1.0,F/D7+hL5E5,2017-12-27 20:36:11,2017-12-27 20:36:27
514,UTC-0800,2.0,F/D7+hL5E5,2017-12-31 10:52:30,2017-12-31 10:53:06
515,UTC+0200,1.0,F/D7+hL5E5,2018-08-20 11:08:13,2018-08-20 11:08:32
516,UTC-0400,1.0,F/D7+hL5E5,2018-04-09 07:39:46,2018-04-09 07:40:15
517,UTC-0400,2.0,F/D7+hL5E5,2018-05-01 18:06:31,2018-05-01 18:07:47
518,UTC-0500,1.0,F/D7+hL5E5,2018-11-23 08:14:37,2018-11-23 08:14:57
519,UTC-0500,1.0,F/D7+hL5E5,2018-01-03 08:17:42,2018-01-03 08:17:56
520,UTC-0400,1.0,F/D7+hL5E5,2018-06-23 20:15:37,2018-06-23 20:15:56
521,UTC-0400,7.0,F/D7+hL5E5,2018-06-09 11:21:19,2018-06-09 11:22:44
522,UTC-0400,1.0,F/D7+hL5E5,2018-07-17 19:26:36,2018-07-17 19:26:42
523,UTC-0400,1.0,F/D7+hL5E5,2018-07-18 19:33:51,2018-07-18 19:34:18
524,UTC-0500,1.0,F/D7+hL5E5,2018-02-21 20:57:53,2018-02-21 20:58:19
525,UTC-0500,6.0,F/D7+hL5E5,2018-12-20 12:46:05,2018-12-20 12:47:35
526,UTC-0400,2.0,F/D7+hL5E5,2018-03-16 08:59:19,2018-03-16 09:00:32
527,UTC+0200,1.0,F/D7+hL5E5,2018-08-26 14:14:20,2018-08-26 14:14:42
528,UTC-0400,1.0,F/D7+hL5E5,2018-03-14 20:54:34,2018-03-14 20:54:49
529,UTC-0400,2.0,F/D7+hL5E5,2018-10-31 08:57:29,2018-10-31 08:57:59
530,UTC-0400,5.0,F/D7+hL5E5,2018-06-04 07:56:59,2018-06-04 07:59:16
531,UTC-0500,2.0,F/D7+hL5E5,2018-11-27 08:40:36,2018-11-27 08:41:06
532,UTC-0500,1.0,F/D7+hL5E5,2018-02-25 01:11:40,2018-02-25 01:12:01
533,UTC-0400,2.0,F/D7+hL5E5,2018-06-16 18:49:13,2018-06-16 18:50:10
534,UTC-0500,2.0,F/D7+hL5E5,2018-02-14 20:58:20,2018-02-14 20:59:13
535,UTC+0200,1.0,F/D7+hL5E5,2018-08-24 20:23:22,2018-08-24 20:23:40
536,UTC-0400,1.0,F/D7+hL5E5,2018-10-15 18:54:54,2018-10-15 18:55:12
537,UTC-0400,2.0,F/D7+hL5E5,2018-03-14 17:13:37,2018-03-14 17:13:59
538,UTC-0500,1.0,F/D7+hL5E5,2018-12-08 12:23:50,2018-12-08 12:24:05
539,UTC-0500,2.0,F/D7+hL5E5,2018-02-21 08:17:07,2018-02-21 08:17:25
540,UTC-0500,2.0,F/D7+hL5E5,2018-01-31 17:20:01,2018-01-31 17:21:29
541,UTC-0400,1.0,F/D7+hL5E5,2018-04-26 08:38:47,2018-04-26 08:39:06
542,UTC-0500,1.0,F/D7+hL5E5,2017-12-18 09:20:30,2017-12-18 09:20:51
543,UTC-0500,1.0,F/D7+hL5E5,2018-02-13 18:07:02,2018-02-13 18:07:20
544,UTC-0500,1.0,F/D7+hL5E5,2018-01-03 15:21:23,2018-01-03 15:21:55
545,UTC-0400,1.0,F/D7+hL5E5,2018-04-04 12:49:03,2018-04-04 12:49:18
546,UTC-0500,8.0,F/D7+hL5E5,2018-01-05 19:43:59,2018-01-05 19:45:43
547,UTC-0400,2.0,F/D7+hL5E5,2018-10-05 07:35:54,2018-10-05 07:36:47
548,UTC-0500,1.0,F/D7+hL5E5,2018-02-21 07:44:42,2018-02-21 07:44:59
549,UTC-0400,1.0,F/D7+hL5E5,2018-06-13 19:19:27,2018-06-13 19:19:37
550,UTC-0800,9.0,F/D7+hL5E5,2017-12-25 11:20:03,2017-12-25 11:22:27
551,UTC-0400,1.0,F/D7+hL5E5,2018-05-07 09:52:26,2018-05-07 09:52:51
552,UTC-0400,1.0,F/D7+hL5E5,2018-07-10 13:04:36,2018-07-10 13:04:48
553,UTC-0500,1.0,F/D7+hL5E5,2018-01-19 15:49:00,2018-01-19 15:49:12
554,UTC-0500,2.0,F/D7+hL5E5,2018-11-14 17:18:17,2018-11-14 17:18:44
555,UTC-0400,1.0,F/D7+hL5E5,2018-07-05 13:42:33,2018-07-05 13:42:50
556,UTC-0800,9.0,F/D7+hL5E5,2017-12-25 11:27:21,2017-12-25 11:30:35
557,UTC-0800,9.0,F/D7+hL5E5,2017-12-25 12:27:33,2017-12-25 12:32:05
558,UTC-0400,1.0,F/D7+hL5E5,2018-06-11 18:21:42,2018-06-11 18:22:09
559,UTC-0400,1.0,F/D7+hL5E5,2018-03-14 08:15:18,2018-03-14 08:15:36
560,UTC-0400,1.0,F/D7+hL5E5,2018-05-30 14:09:25,2018-05-30 14:09:39
561,UTC-0400,3.0,F/D7+hL5E5,2018-04-17 21:01:17,2018-04-17 21:03:36
562,UTC-0500,8.0,F/D7+hL5E5,2018-12-01 19:22:16,2018-12-01 19:24:06
563,UTC-0400,1.0,F/D7+hL5E5,2018-09-06 09:15:23,2018-09-06 09:15:33
564,UTC-0800,1.0,F/D7+hL5E5,2017-12-23 08:37:23,2017-12-23 08:37:41
565,UTC-0400,1.0,F/D7+hL5E5,2018-08-09 08:40:01,2018-08-09 08:40:18
566,UTC-0400,2.0,F/D7+hL5E5,2018-03-28 20:59:56,2018-03-28 21:00:50
567,UTC-0500,2.0,F/D7+hL5E5,2018-03-05 07:43:18,2018-03-05 07:44:41
568,UTC-0400,1.0,F/D7+hL5E5,2018-07-29 11:01:36,2018-07-29 11:01:53
569,UTC-0500,1.0,F/D7+hL5E5,2018-11-28 20:05:06,2018-11-28 20:05:31
570,UTC-0500,1.0,F/D7+hL5E5,2018-01-14 13:42:17,2018-01-14 13:42:40
571,UTC-0500,1.0,F/D7+hL5E5,2018-11-28 17:31:38,2018-11-28 17:31:53
572,UTC-0500,1.0,F/D7+hL5E5,2018-01-11 17:05:52,2018-01-11 17:06:16
573,UTC-0400,1.0,F/D7+hL5E5,2018-08-08 09:10:29,2018-08-08 09:10:47
574,UTC-0400,1.0,F/D7+hL5E5,2018-10-09 17:00:38,2018-10-09 17:01:07
575,UTC-0500,1.0,F/D7+hL5E5,2018-02-14 08:39:12,2018-02-14 08:39:22
576,UTC-0400,1.0,F/D7+hL5E5,2018-06-06 20:05:42,2018-06-06 20:06:15
577,UTC+0200,1.0,F/D7+hL5E5,2018-08-25 23:57:42,2018-08-25 23:57:56
578,UTC-0400,2.0,F/D7+hL5E5,2018-04-10 16:36:36,2018-04-10 16:38:09
579,UTC-0400,2.0,F/D7+hL5E5,2018-10-16 08:37:24,2018-10-16 08:38:49
580,UTC-0400,1.0,F/D7+hL5E5,2018-08-02 08:44:19,2018-08-02 08:44:38
581,UTC-0500,9.0,F/D7+hL5E5,2017-12-17 17:46:26,2017-12-17 17:48:36
582,UTC+0200,1.0,F/D7+hL5E5,2018-08-21 16:28:05,2018-08-21 16:28:30
583,UTC-0400,4.0,F/D7+hL5E5,2018-05-25 07:52:26,2018-05-25 07:54:57
584,UTC-0500,3.0,F/D7+hL5E5,2018-01-29 09:06:39,2018-01-29 09:07:17
585,UTC-0500,1.0,F/D7+hL5E5,2018-11-07 20:11:56,2018-11-07 20:12:12
586,UTC-0500,1.0,F/D7+hL5E5,2018-02-16 20:04:17,2018-02-16 20:04:40
587,UTC-0400,1.0,F/D7+hL5E5,2018-04-17 08:04:34,2018-04-17 08:04:50
588,UTC-0400,2.0,F/D7+hL5E5,2018-07-29 16:31:23,2018-07-29 16:31:40
589,UTC-0800,11.0,F/D7+hL5E5,2017-12-25 11:33:16,2017-12-25 11:36:36
590,UTC+0200,3.0,F/D7+hL5E5,2018-08-25 19:04:45,2018-08-25 19:05:30
591,UTC+0200,9.0,F/D7+hL5E5,2018-08-23 17:03:22,2018-08-23 17:07:59
592,UTC-0500,1.0,F/D7+hL5E5,2018-12-13 16:17:32,2018-12-13 16:17:58
593,UTC-0400,1.0,F/D7+hL5E5,2018-05-10 08:41:30,2018-05-10 08:41:49
594,UTC-0400,1.0,F/D7+hL5E5,2018-04-02 16:31:36,2018-04-02 16:31:48
595,UTC-0400,1.0,F/D7+hL5E5,2018-07-17 08:41:16,2018-07-17 08:41:44
596,UTC-0400,1.0,F/D7+hL5E5,2018-05-16 18:42:28,2018-05-16 18:42:53
597,UTC-0400,1.0,F/D7+hL5E5,2018-07-12 09:07:36,2018-07-12 09:07:46
598,UTC-0400,2.0,F/D7+hL5E5,2018-06-21 07:37:20,2018-06-21 07:37:59
599,UTC-0800,2.0,F/D7+hL5E5,2017-12-24 08:50:15,2017-12-24 08:50:37
600,UTC-0500,4.0,F/D7+hL5E5,2018-01-24 07:46:42,2018-01-24 07:48:45
601,UTC-0500,1.0,F/D7+hL5E5,2018-12-13 13:31:35,2018-12-13 13:31:45
602,UTC-0400,1.0,F/D7+hL5E5,2018-07-27 19:03:25,2018-07-27 19:03:40
603,UTC-0500,9.0,F/D7+hL5E5,2018-11-24 17:28:06,2018-11-24 17:29:50
604,UTC-0400,1.0,F/D7+hL5E5,2018-10-10 08:13:55,2018-10-10 08:14:22
605,UTC-0500,1.0,F/D7+hL5E5,2018-01-24 07:49:45,2018-01-24 07:50:03
606,UTC-0400,1.0,F/D7+hL5E5,2018-06-11 19:06:28,2018-06-11 19:06:55
607,UTC-0400,1.0,F/D7+hL5E5,2018-05-11 11:17:24,2018-05-11 11:17:40
608,UTC-0400,2.0,F/D7+hL5E5,2018-06-21 07:35:07,2018-06-21 07:35:24
609,UTC-0400,1.0,F/D7+hL5E5,2018-03-21 21:01:00,2018-03-21 21:01:17
610,UTC-0500,2.0,F/D7+hL5E5,2018-02-07 08:05:19,2018-02-07 08:06:09
611,UTC-0400,1.0,F/D7+hL5E5,2018-09-19 09:13:04,2018-09-19 09:13:21
612,UTC-0400,1.0,F/D7+hL5E5,2018-06-04 18:38:46,2018-06-04 18:39:12
613,UTC-0400,3.0,F/D7+hL5E5,2018-06-22 13:14:50,2018-06-22 13:15:46
614,UTC-0500,11.0,F/D7+hL5E5,2018-12-27 10:34:39,2018-12-27 10:37:11
615,UTC-0400,1.0,F/D7+hL5E5,2018-08-19 00:10:21,2018-08-19 00:10:44
616,UTC-0400,9.0,F/D7+hL5E5,2018-10-09 08:33:44,2018-10-09 08:35:28
617,UTC-0400,1.0,F/D7+hL5E5,2018-11-01 19:53:56,2018-11-01 19:54:04
618,UTC+0200,1.0,F/D7+hL5E5,2018-08-28 15:17:14,2018-08-28 15:17:20
619,UTC-0400,1.0,F/D7+hL5E5,2018-04-16 16:28:01,2018-04-16 16:28:19
620,UTC-0500,1.0,F/D7+hL5E5,2018-11-26 08:54:37,2018-11-26 08:54:55
621,UTC-0500,1.0,F/D7+hL5E5,2018-03-02 17:17:56,2018-03-02 17:18:12
622,UTC-0400,2.0,F/D7+hL5E5,2018-04-16 08:44:19,2018-04-16 08:44:59
623,UTC-0400,1.0,F/D7+hL5E5,2018-06-07 18:22:27,2018-06-07 18:22:45
624,UTC-0500,1.0,F/D7+hL5E5,2018-01-20 12:06:43,2018-01-20 12:07:01
625,UTC-0400,1.0,F/D7+hL5E5,2018-05-30 18:32:00,2018-05-30 18:32:20
626,UTC-0400,1.0,F/D7+hL5E5,2018-10-23 16:48:06,2018-10-23 16:48:17
627,UTC-0400,2.0,F/D7+hL5E5,2018-05-15 18:41:53,2018-05-15 18:42:09
628,UTC-0400,2.0,F/D7+hL5E5,2018-04-16 17:13:21,2018-04-16 17:13:53
629,UTC-0400,2.0,F/D7+hL5E5,2018-05-05 22:29:01,2018-05-05 22:30:22
630,UTC-0400,2.0,F/D7+hL5E5,2018-04-04 07:46:15,2018-04-04 07:46:30
631,UTC-0400,1.0,F/D7+hL5E5,2018-04-09 08:52:36,2018-04-09 08:52:57
632,UTC-0400,1.0,F/D7+hL5E5,2018-05-02 17:52:59,2018-05-02 17:53:24
633,UTC+0200,1.0,F/D7+hL5E5,2018-08-21 10:14:06,2018-08-21 10:14:30
634,UTC-0400,2.0,F/D7+hL5E5,2018-05-25 18:52:48,2018-05-25 18:53:45
635,UTC-0400,1.0,F/D7+hL5E5,2018-08-29 07:31:54,2018-08-29 07:32:09
636,UTC-0500,2.0,F/D7+hL5E5,2018-03-07 21:01:34,2018-03-07 21:02:41
637,UTC-0400,1.0,F/D7+hL5E5,2018-09-08 08:42:59,2018-09-08 08:43:10
638,UTC-0400,2.0,F/D7+hL5E5,2018-10-12 09:01:15,2018-10-12 09:01:36
639,UTC-0500,1.0,F/D7+hL5E5,2018-03-07 17:16:12,2018-03-07 17:16:27
640,UTC-0400,1.0,F/D7+hL5E5,2018-10-12 19:11:16,2018-10-12 19:11:41
641,UTC-0500,1.0,F/D7+hL5E5,2018-01-02 15:34:37,2018-01-02 15:34:49
642,UTC-0400,1.0,F/D7+hL5E5,2018-06-11 07:40:45,2018-06-11 07:41:04
643,UTC-0400,1.0,F/D7+hL5E5,2018-04-19 08:00:05,2018-04-19 08:00:35
644,UTC+0200,8.0,F/D7+hL5E5,2018-08-23 17:14:05,2018-08-23 17:17:07
645,UTC-0400,1.0,F/D7+hL5E5,2018-05-02 17:36:27,2018-05-02 17:36:41
646,UTC-0500,1.0,F/D7+hL5E5,2018-11-08 14:44:07,2018-11-08 14:44:19
647,UTC-0400,8.0,F/D7+hL5E5,2018-04-07 08:29:36,2018-04-07 08:30:57
648,UTC-0400,1.0,F/D7+hL5E5,2018-09-26 20:05:39,2018-09-26 20:06:01
649,UTC-0500,2.0,F/D7+hL5E5,2017-12-20 05:09:26,2017-12-20 05:09:41
650,UTC-0400,1.0,F/D7+hL5E5,2018-09-04 19:03:54,2018-09-04 19:04:14
651,UTC-0400,1.0,F/D7+hL5E5,2018-03-28 17:12:27,2018-03-28 17:12:33
652,UTC-0400,4.0,F/D7+hL5E5,2018-06-22 13:22:34,2018-06-22 13:23:41
653,UTC-0400,4.0,F/D7+hL5E5,2018-05-31 19:14:59,2018-05-31 19:17:19
654,UTC-0400,1.0,F/D7+hL5E5,2018-05-06 15:43:10,2018-05-06 15:43:32
655,UTC-0400,1.0,F/D7+hL5E5,2018-08-13 07:55:47,2018-08-13 07:56:05
656,UTC-0400,2.0,F/D7+hL5E5,2018-04-17 08:01:38,2018-04-17 08:02:59
657,UTC-0500,3.0,F/D7+hL5E5,2018-02-07 21:00:56,2018-02-07 21:02:53
658,UTC-0500,1.0,F/D7+hL5E5,2018-01-03 10:55:19,2018-01-03 10:55:26
659,UTC-0500,1.0,F/D7+hL5E5,2018-01-19 08:55:41,2018-01-19 08:56:03
660,UTC-0400,3.0,F/D7+hL5E5,2018-09-18 17:28:41,2018-09-18 17:30:23
661,UTC-0400,1.0,F/D7+hL5E5,2018-09-10 17:34:56,2018-09-10 17:35:09
662,UTC-0400,2.0,F/D7+hL5E5,2018-05-08 15:51:39,2018-05-08 15:52:12
663,UTC-0400,2.0,F/D7+hL5E5,2018-05-11 19:59:59,2018-05-11 20:00:51
664,UTC-0500,2.0,F/D7+hL5E5,2018-02-14 07:46:23,2018-02-14 07:47:25
665,UTC+0200,4.0,F/D7+hL5E5,2018-08-25 18:37:42,2018-08-25 18:40:17
666,UTC-0400,1.0,F/D7+hL5E5,2018-10-05 18:13:53,2018-10-05 18:14:16
667,UTC-0400,1.0,F/D7+hL5E5,2018-10-21 13:59:09,2018-10-21 13:59:35
668,UTC-0400,1.0,F/D7+hL5E5,2018-04-07 10:01:06,2018-04-07 10:01:16
669,UTC-0500,2.0,F/D7+hL5E5,2018-01-18 08:06:11,2018-01-18 08:07:31
670,UTC-0800,11.0,F/D7+hL5E5,2017-12-25 12:36:58,2017-12-25 12:42:30
671,UTC-0500,1.0,F/D7+hL5E5,2018-01-19 08:10:55,2018-01-19 08:11:13
672,UTC-0800,1.0,F/D7+hL5E5,2017-12-28 10:22:30,2017-12-28 10:22:51
673,UTC-0400,1.0,F/D7+hL5E5,2018-03-25 17:53:13,2018-03-25 17:53:23
674,UTC-0800,1.0,F/D7+hL5E5,2017-12-20 11:17:44,2017-12-20 11:18:03
675,UTC-0500,1.0,F/D7+hL5E5,2018-11-20 17:29:27,2018-11-20 17:29:44
676,UTC+0200,1.0,F/D7+hL5E5,2018-08-19 21:43:49,2018-08-19 21:44:25
677,UTC-0500,11.0,F/D7+hL5E5,2018-01-10 14:05:14,2018-01-10 14:07:39
678,UTC-0400,1.0,F/D7+hL5E5,2018-10-31 07:43:05,2018-10-31 07:43:24
679,UTC-0400,1.0,F/D7+hL5E5,2018-05-16 21:26:03,2018-05-16 21:26:35
680,UTC-0500,1.0,F/D7+hL5E5,2018-01-24 08:49:39,2018-01-24 08:49:53
681,UTC-0400,1.0,F/D7+hL5E5,2018-05-06 07:50:05,2018-05-06 07:50:20
682,UTC-0500,9.0,F/D7+hL5E5,2018-01-29 18:34:16,2018-01-29 18:36:14
683,UTC-0500,1.0,F/D7+hL5E5,2018-11-21 08:16:07,2018-11-21 08:16:19
684,UTC-0400,2.0,F/D7+hL5E5,2018-08-05 08:54:34,2018-08-05 08:55:01
685,UTC-0400,1.0,F/D7+hL5E5,2018-07-25 08:46:56,2018-07-25 08:47:15
686,UTC-0400,1.0,F/D7+hL5E5,2018-06-22 20:02:47,2018-06-22 20:03:15
687,UTC-0500,1.0,F/D7+hL5E5,2017-12-18 16:38:49,2017-12-18 16:39:22
688,UTC-0400,1.0,F/D7+hL5E5,2018-07-27 18:32:18,2018-07-27 18:32:35
689,UTC-0400,1.0,F/D7+hL5E5,2018-05-17 16:25:15,2018-05-17 16:25:41
690,UTC-0400,1.0,F/D7+hL5E5,2018-09-17 18:54:55,2018-09-17 18:55:10
691,UTC-0800,1.0,F/D7+hL5E5,2017-12-27 11:46:15,2017-12-27 11:46:36
692,UTC-0500,1.0,F/D7+hL5E5,2018-01-08 09:12:00,2018-01-08 09:12:06
693,UTC-0400,1.0,F/D7+hL5E5,2018-05-04 20:40:48,2018-05-04 20:41:14
694,UTC-0400,1.0,F/D7+hL5E5,2018-04-23 11:02:54,2018-04-23 11:03:01
695,UTC+0200,1.0,F/D7+hL5E5,2018-08-21 11:00:47,2018-08-21 11:01:10
696,UTC-0500,1.0,F/D7+hL5E5,2018-01-11 21:44:17,2018-01-11 21:44:28
697,UTC-0500,1.0,F/D7+hL5E5,2018-12-18 17:44:13,2018-12-18 17:44:32
698,UTC-0800,1.0,F/D7+hL5E5,2017-12-23 09:22:46,2017-12-23 09:23:06
699,UTC-0400,1.0,F/D7+hL5E5,2018-05-11 07:37:36,2018-05-11 07:38:04
700,UTC-0500,1.0,F/D7+hL5E5,2018-01-29 06:59:30,2018-01-29 06:59:50
701,UTC-0500,1.0,F/D7+hL5E5,2018-12-14 08:08:35,2018-12-14 08:09:04
702,UTC-0500,2.0,F/D7+hL5E5,2018-02-28 07:59:58,2018-02-28 08:01:26
703,UTC-0400,1.0,F/D7+hL5E5,2018-05-06 10:20:14,2018-05-06 10:20:21
704,UTC-0500,2.0,F/D7+hL5E5,2017-12-18 15:46:31,2017-12-18 15:47:56
705,UTC-0400,1.0,F/D7+hL5E5,2018-03-19 08:45:57,2018-03-19 08:46:22
706,UTC-0500,1.0,F/D7+hL5E5,2018-01-24 21:32:09,2018-01-24 21:32:48
707,UTC-0500,2.0,F/D7+hL5E5,2018-02-26 07:49:36,2018-02-26 07:51:02
708,UTC-0500,2.0,F/D7+hL5E5,2018-01-22 15:46:59,2018-01-22 15:48:34
709,UTC-0400,1.0,F/D7+hL5E5,2018-05-04 18:24:57,2018-05-04 18:25:11
710,UTC-0400,1.0,F/D7+hL5E5,2018-05-22 20:01:30,2018-05-22 20:01:56
711,UTC-0400,1.0,F/D7+hL5E5,2018-04-26 19:02:45,2018-04-26 19:03:13
712,UTC-0500,2.0,F/D7+hL5E5,2018-11-13 18:59:51,2018-11-13 19:00:32
713,UTC-0400,1.0,F/D7+hL5E5,2018-10-30 07:22:56,2018-10-30 07:23:13
714,UTC-0400,9.0,F/D7+hL5E5,2018-09-28 18:01:54,2018-09-28 18:03:44
715,UTC-0400,1.0,F/D7+hL5E5,2018-05-10 07:44:08,2018-05-10 07:44:23
716,UTC-0500,1.0,F/D7+hL5E5,2018-12-08 12:39:26,2018-12-08 12:39:32
717,UTC-0800,1.0,F/D7+hL5E5,2017-12-31 10:38:07,2017-12-31 10:38:30
718,UTC-0400,1.0,F/D7+hL5E5,2018-05-04 15:55:25,2018-05-04 15:55:37
719,UTC-0800,1.0,F/D7+hL5E5,2017-12-23 09:20:40,2017-12-23 09:20:56
720,UTC-0400,2.0,F/D7+hL5E5,2018-06-03 20:39:44,2018-06-03 20:40:24
721,UTC-0500,9.0,F/D7+hL5E5,2018-02-05 18:47:35,2018-02-05 18:49:27
722,UTC-0800,1.0,F/D7+hL5E5,2017-12-24 09:05:55,2017-12-24 09:06:01
723,UTC-0400,3.0,F/D7+hL5E5,2018-06-19 07:28:12,2018-06-19 07:30:44
724,UTC-0400,1.0,F/D7+hL5E5,2018-06-04 17:51:37,2018-06-04 17:52:04
725,UTC-0400,1.0,F/D7+hL5E5,2018-05-16 17:47:01,2018-05-16 17:47:18
726,UTC-0400,1.0,F/D7+hL5E5,2018-04-04 17:22:29,2018-04-04 17:22:44
727,UTC-0500,6.0,F/D7+hL5E5,2018-01-03 20:39:03,2018-01-03 20:40:57
728,UTC-0500,7.0,F/D7+hL5E5,2018-02-28 19:08:18,2018-02-28 19:09:46
729,UTC-0400,1.0,F/D7+hL5E5,2018-05-03 16:31:12,2018-05-03 16:31:25
730,UTC+0200,1.0,F/D7+hL5E5,2018-08-25 16:30:44,2018-08-25 16:31:06
731,UTC-0400,1.0,F/D7+hL5E5,2018-05-19 20:38:39,2018-05-19 20:38:53
732,UTC-0800,1.0,F/D7+hL5E5,2017-12-29 12:40:46,2017-12-29 12:41:01
733,UTC-0400,9.0,F/D7+hL5E5,2018-04-03 10:51:02,2018-04-03 10:53:04
734,UTC-0500,6.0,F/D7+hL5E5,2018-12-15 12:50:44,2018-12-15 12:52:01
735,UTC-0400,1.0,F/D7+hL5E5,2018-03-16 17:15:30,2018-03-16 17:15:41
736,UTC-0500,3.0,F/D7+hL5E5,2018-01-03 16:06:00,2018-01-03 16:07:53
737,UTC-0400,9.0,F/D7+hL5E5,2018-04-30 19:35:59,2018-04-30 19:37:47
738,UTC+0200,1.0,F/D7+hL5E5,2018-08-23 17:20:34,2018-08-23 17:20:47
739,UTC-0500,2.0,F/D7+hL5E5,2018-01-06 15:58:17,2018-01-06 15:58:53
740,UTC-0400,2.0,F/D7+hL5E5,2018-03-14 09:08:43,2018-03-14 09:08:57
741,UTC-0800,1.0,F/D7+hL5E5,2017-12-23 09:06:33,2017-12-23 09:07:02
742,UTC-0400,9.0,F/D7+hL5E5,2018-05-17 07:40:09,2018-05-17 07:41:44
743,UTC-0400,2.0,F/D7+hL5E5,2018-04-02 15:39:35,2018-04-02 15:40:49
744,UTC-0500,2.0,F/D7+hL5E5,2018-01-19 15:39:39,2018-01-19 15:40:54
745,UTC-0400,1.0,F/D7+hL5E5,2018-08-01 17:11:09,2018-08-01 17:11:42
746,UTC-0500,7.0,F/D7+hL5E5,2018-12-17 08:33:00,2018-12-17 08:34:44
747,UTC-0400,7.0,F/D7+hL5E5,2018-03-28 14:52:11,2018-03-28 14:54:10
748,UTC-0400,1.0,F/D7+hL5E5,2018-10-24 08:10:20,2018-10-24 08:10:38
749,UTC-0400,2.0,F/D7+hL5E5,2018-04-11 21:00:34,2018-04-11 21:01:28
750,UTC-0400,2.0,F/D7+hL5E5,2018-05-30 17:37:14,2018-05-30 17:37:46
751,UTC-0500,1.0,F/D7+hL5E5,2018-01-20 16:36:37,2018-01-20 16:37:03
752,UTC-0400,1.0,F/D7+hL5E5,2018-04-17 20:05:11,2018-04-17 20:05:29
753,UTC-0400,2.0,F/D7+hL5E5,2018-10-24 20:59:04,2018-10-24 20:59:55
754,UTC-0400,1.0,F/D7+hL5E5,2018-10-24 09:16:19,2018-10-24 09:16:31
755,UTC-0500,1.0,F/D7+hL5E5,2018-01-11 09:13:25,2018-01-11 09:13:42
756,UTC-0400,1.0,F/D7+hL5E5,2018-06-29 07:45:55,2018-06-29 07:46:13
757,UTC-0400,9.0,F/D7+hL5E5,2018-10-26 18:12:53,2018-10-26 18:14:46
758,UTC-0400,2.0,F/D7+hL5E5,2018-06-04 19:42:31,2018-06-04 19:42:55
759,UTC-0400,2.0,F/D7+hL5E5,2018-05-08 15:45:45,2018-05-08 15:46:54
760,UTC-0400,9.0,F/D7+hL5E5,2018-03-11 16:28:08,2018-03-11 16:30:03
761,UTC-0400,1.0,F/D7+hL5E5,2018-07-17 08:39:54,2018-07-17 08:40:01
762,UTC-0500,7.0,F/D7+hL5E5,2018-12-13 08:59:20,2018-12-13 09:00:58
763,UTC-0500,3.0,F/D7+hL5E5,2018-01-22 09:05:00,2018-01-22 09:06:28
764,UTC-0500,4.0,F/D7+hL5E5,2018-02-21 17:03:42,2018-02-21 17:04:52
765,UTC+0200,1.0,F/D7+hL5E5,2018-08-19 18:37:18,2018-08-19 18:37:45
766,UTC-0500,9.0,F/D7+hL5E5,2018-12-20 18:45:42,2018-12-20 18:47:32
767,UTC-0500,9.0,F/D7+hL5E5,2017-12-16 08:46:12,2017-12-16 08:48:18
768,UTC-0500,1.0,F/D7+hL5E5,2018-01-16 08:10:55,2018-01-16 08:11:13
769,UTC-0400,1.0,F/D7+hL5E5,2018-08-01 16:18:52,2018-08-01 16:19:12
770,UTC-0500,3.0,F/D7+hL5E5,2018-11-19 07:45:19,2018-11-19 07:47:43
771,UTC-0500,1.0,F/D7+hL5E5,2018-11-27 17:45:53,2018-11-27 17:46:12
772,UTC-0500,1.0,F/D7+hL5E5,2018-11-08 10:28:30,2018-11-08 10:28:50
773,UTC-0500,9.0,F/D7+hL5E5,2018-12-02 15:29:18,2018-12-02 15:31:26
774,UTC-0400,2.0,F/D7+hL5E5,2018-10-16 19:10:39,2018-10-16 19:11:33
775,UTC-0400,1.0,F/D7+hL5E5,2018-03-21 19:59:41,2018-03-21 20:00:11
776,UTC-0800,1.0,F/D7+hL5E5,2017-12-23 09:05:09,2017-12-23 09:05:24
777,UTC-0500,1.0,F/D7+hL5E5,2018-01-18 17:29:04,2018-01-18 17:29:26
778,UTC-0400,1.0,F/D7+hL5E5,2018-08-02 17:57:37,2018-08-02 17:57:53
779,UTC-0400,1.0,F/D7+hL5E5,2018-07-10 09:17:50,2018-07-10 09:18:03
780,UTC-0500,1.0,F/D7+hL5E5,2018-02-16 08:25:50,2018-02-16 08:26:06
781,UTC-0400,1.0,F/D7+hL5E5,2018-06-04 17:49:10,2018-06-04 17:49:28
782,UTC-0500,1.0,F/D7+hL5E5,2018-11-07 20:55:58,2018-11-07 20:56:12
783,UTC-0400,1.0,F/D7+hL5E5,2018-07-24 09:15:11,2018-07-24 09:15:18
784,UTC-0400,1.0,F/D7+hL5E5,2018-08-02 17:59:03,2018-08-02 17:59:24
785,UTC-0400,8.0,F/D7+hL5E5,2018-03-15 17:52:22,2018-03-15 17:54:04
786,UTC-0500,1.0,F/D7+hL5E5,2018-11-12 07:52:54,2018-11-12 07:53:14
787,UTC-0500,1.0,F/D7+hL5E5,2018-11-07 08:16:03,2018-11-07 08:16:21
788,UTC-0400,2.0,F/D7+hL5E5,2018-06-06 20:03:20,2018-06-06 20:04:15
789,UTC-0500,9.0,F/D7+hL5E5,2018-02-20 19:46:23,2018-02-20 19:48:18
790,UTC-0500,1.0,F/D7+hL5E5,2018-03-07 20:08:49,2018-03-07 20:09:01
791,UTC-0500,9.0,F/D7+hL5E5,2017-12-19 15:51:20,2017-12-19 15:52:56
792,UTC-0400,1.0,F/D7+hL5E5,2018-04-17 08:51:31,2018-04-17 08:51:46
793,UTC-0500,1.0,F/D7+hL5E5,2018-02-05 13:32:49,2018-02-05 13:33:01
794,UTC-0500,8.0,F/D7+hL5E5,2018-01-18 06:53:40,2018-01-18 06:55:30
795,UTC-0400,1.0,F/D7+hL5E5,2018-06-13 08:54:18,2018-06-13 08:54:33
796,UTC-0400,1.0,F/D7+hL5E5,2018-05-30 18:33:40,2018-05-30 18:34:09
797,UTC-0400,1.0,F/D7+hL5E5,2018-06-22 19:03:29,2018-06-22 19:03:53
798,UTC-0400,1.0,F/D7+hL5E5,2018-03-25 14:25:17,2018-03-25 14:25:37
799,UTC-0800,1.0,F/D7+hL5E5,2017-12-31 19:24:00,2017-12-31 19:24:13
800,UTC-0400,1.0,F/D7+hL5E5,2018-06-10 09:55:48,2018-06-10 09:56:02
801,UTC-0400,1.0,F/D7+hL5E5,2018-07-16 15:55:47,2018-07-16 15:55:56
802,UTC-0500,8.0,F/D7+hL5E5,2018-02-04 19:38:59,2018-02-04 19:40:39
803,UTC-0800,3.0,F/D7+hL5E5,2017-12-29 12:38:04,2017-12-29 12:39:07
804,UTC-0400,1.0,F/D7+hL5E5,2018-05-16 09:24:31,2018-05-16 09:24:49
805,UTC-0500,1.0,F/D7+hL5E5,2018-11-28 19:50:41,2018-11-28 19:50:49
806,UTC-0500,3.0,F/D7+hL5E5,2018-11-14 17:15:46,2018-11-14 17:17:15
807,UTC-0800,1.0,F/D7+hL5E5,2017-12-23 11:24:51,2017-12-23 11:25:06
808,UTC-0400,1.0,F/D7+hL5E5,2018-08-08 20:13:44,2018-08-08 20:14:10
809,UTC-0500,1.0,F/D7+hL5E5,2018-11-25 18:43:26,2018-11-25 18:43:41
810,UTC-0400,1.0,F/D7+hL5E5,2018-10-24 19:53:32,2018-10-24 19:53:52
811,UTC-0400,1.0,F/D7+hL5E5,2018-08-14 21:04:20,2018-08-14 21:04:49
812,UTC-0800,1.0,F/D7+hL5E5,2017-12-20 10:44:08,2017-12-20 10:44:35
813,UTC-0400,1.0,F/D7+hL5E5,2018-05-04 20:12:51,2018-05-04 20:13:03
814,UTC-0500,1.0,F/D7+hL5E5,2018-12-14 18:09:20,2018-12-14 18:09:49
815,UTC-0500,1.0,F/D7+hL5E5,2018-03-02 17:35:58,2018-03-02 17:36:07
816,UTC-0400,1.0,F/D7+hL5E5,2018-09-27 17:49:41,2018-09-27 17:50:07
817,UTC-0400,1.0,F/D7+hL5E5,2018-06-14 12:58:14,2018-06-14 12:58:22
818,UTC-0400,1.0,F/D7+hL5E5,2018-06-29 22:03:49,2018-06-29 22:04:20
819,UTC-0500,1.0,F/D7+hL5E5,2018-11-12 17:37:22,2018-11-12 17:37:47
820,UTC-0400,1.0,F/D7+hL5E5,2018-08-30 16:13:21,2018-08-30 16:13:45
821,UTC-0400,1.0,F/D7+hL5E5,2018-09-18 18:09:47,2018-09-18 18:10:12
822,UTC-0400,1.0,F/D7+hL5E5,2018-09-27 20:33:04,2018-09-27 20:33:30
823,UTC-0400,2.0,F/D7+hL5E5,2018-06-29 21:40:32,2018-06-29 21:41:02
824,UTC-0400,1.0,F/D7+hL5E5,2018-10-30 08:13:19,2018-10-30 08:13:29
825,UTC-0400,1.0,F/D7+hL5E5,2018-09-07 15:37:11,2018-09-07 15:37:20
826,UTC-0500,2.0,F/D7+hL5E5,2018-03-05 17:50:07,2018-03-05 17:51:39
827,UTC-0400,1.0,F/D7+hL5E5,2018-06-27 07:59:54,2018-06-27 08:00:26
828,UTC-0400,1.0,F/D7+hL5E5,2018-10-15 18:52:06,2018-10-15 18:52:27
829,UTC-0400,1.0,F/D7+hL5E5,2018-05-22 18:49:16,2018-05-22 18:49:24
830,UTC-0400,1.0,F/D7+hL5E5,2018-06-11 10:06:41,2018-06-11 10:06:57
831,UTC-0400,9.0,F/D7+hL5E5,2018-10-11 12:20:42,2018-10-11 12:22:48
832,UTC-0500,1.0,F/D7+hL5E5,2018-11-26 07:54:33,2018-11-26 07:54:55
833,UTC-0500,3.0,F/D7+hL5E5,2018-02-21 08:38:39,2018-02-21 08:40:07
834,UTC-0400,1.0,F/D7+hL5E5,2018-04-28 16:50:54,2018-04-28 16:51:08
835,UTC-0400,2.0,F/D7+hL5E5,2018-10-10 20:03:27,2018-10-10 20:04:05
836,UTC-0400,9.0,F/D7+hL5E5,2018-06-09 21:00:47,2018-06-09 21:02:44
837,UTC-0400,1.0,F/D7+hL5E5,2018-07-11 21:46:05,2018-07-11 21:46:20
838,UTC-0400,1.0,F/D7+hL5E5,2018-05-28 17:24:35,2018-05-28 17:24:46
839,UTC-0400,1.0,F/D7+hL5E5,2018-07-17 16:36:22,2018-07-17 16:36:43
840,UTC-0400,1.0,F/D7+hL5E5,2018-07-11 20:03:59,2018-07-11 20:04:16
841,UTC-0400,1.0,F/D7+hL5E5,2018-04-20 07:58:15,2018-04-20 07:58:39
842,UTC-0500,1.0,F/D7+hL5E5,2018-02-26 16:21:38,2018-02-26 16:22:04
843,UTC-0400,1.0,F/D7+hL5E5,2018-03-19 17:31:55,2018-03-19 17:32:08
844,UTC-0400,1.0,F/D7+hL5E5,2018-10-05 07:37:59,2018-10-05 07:38:11
845,UTC-0500,2.0,F/D7+hL5E5,2018-02-21 20:00:04,2018-02-21 20:01:30
846,UTC-0800,3.0,F/D7+hL5E5,2017-12-31 20:23:10,2017-12-31 20:23:54
847,UTC-0500,2.0,F/D7+hL5E5,2018-12-18 08:48:45,2018-12-18 08:49:34
848,UTC-0400,8.0,F/D7+hL5E5,2018-07-10 20:37:06,2018-07-10 20:38:37
849,UTC-0500,1.0,F/D7+hL5E5,2018-12-17 19:08:04,2018-12-17 19:08:25
850,UTC-0500,1.0,F/D7+hL5E5,2018-02-24 10:33:04,2018-02-24 10:33:18
851,UTC-0400,1.0,F/D7+hL5E5,2018-06-13 07:58:34,2018-06-13 07:58:56
852,UTC-0500,12.0,F/D7+hL5E5,2018-02-11 19:19:34,2018-02-11 19:22:17
853,UTC-0400,1.0,F/D7+hL5E5,2018-04-28 15:00:32,2018-04-28 15:00:51
854,UTC-0400,1.0,F/D7+hL5E5,2018-09-28 17:11:25,2018-09-28 17:11:42
855,UTC-0400,2.0,F/D7+hL5E5,2018-03-30 18:26:54,2018-03-30 18:27:47
856,UTC-0400,1.0,F/D7+hL5E5,2018-09-04 08:57:22,2018-09-04 08:57:40
857,UTC-0400,1.0,F/D7+hL5E5,2018-05-02 18:29:46,2018-05-02 18:29:56
858,UTC-0500,1.0,F/D7+hL5E5,2018-02-05 13:00:23,2018-02-05 13:00:34
859,UTC-0500,1.0,F/D7+hL5E5,2018-12-11 17:37:30,2018-12-11 17:37:49
860,UTC-0400,1.0,F/D7+hL5E5,2018-03-19 17:34:30,2018-03-19 17:35:00
861,UTC-0400,1.0,F/D7+hL5E5,2018-10-24 20:54:56,2018-10-24 20:55:07
862,UTC-0400,1.0,F/D7+hL5E5,2018-10-22 07:54:40,2018-10-22 07:54:55
863,UTC-0400,1.0,F/D7+hL5E5,2018-04-10 09:12:39,2018-04-10 09:12:57
864,UTC+0200,1.0,F/D7+hL5E5,2018-08-22 10:33:49,2018-08-22 10:34:22
865,UTC-0800,6.0,F/D7+hL5E5,2017-12-22 10:43:54,2017-12-22 10:46:29
866,UTC-0400,1.0,F/D7+hL5E5,2018-05-30 17:35:15,2018-05-30 17:35:30
867,UTC-0400,1.0,F/D7+hL5E5,2018-05-01 17:44:47,2018-05-01 17:45:08
868,UTC-0500,3.0,F/D7+hL5E5,2018-11-27 07:35:38,2018-11-27 07:37:53
869,UTC-0500,1.0,F/D7+hL5E5,2018-03-02 17:52:38,2018-03-02 17:52:54
870,UTC-0500,2.0,F/D7+hL5E5,2018-02-13 19:01:15,2018-02-13 19:02:05
871,UTC-0400,1.0,F/D7+hL5E5,2018-04-14 14:35:40,2018-04-14 14:36:17
872,UTC-0500,6.0,F/D7+hL5E5,2018-12-03 09:26:41,2018-12-03 09:28:05
873,UTC-0400,1.0,F/D7+hL5E5,2018-05-02 11:20:42,2018-05-02 11:21:07
874,UTC-0400,1.0,F/D7+hL5E5,2018-04-04 17:13:48,2018-04-04 17:14:03
875,UTC-0800,1.0,F/D7+hL5E5,2017-12-22 10:33:20,2017-12-22 10:33:41
876,UTC-0500,8.0,F/D7+hL5E5,2018-01-07 14:10:26,2018-01-07 14:12:20
877,UTC-0500,1.0,F/D7+hL5E5,2018-01-31 09:12:45,2018-01-31 09:12:54
878,UTC-0400,1.0,F/D7+hL5E5,2018-10-03 19:57:34,2018-10-03 19:57:41
879,UTC-0400,2.0,F/D7+hL5E5,2018-07-06 09:07:23,2018-07-06 09:07:45
880,UTC-0500,1.0,F/D7+hL5E5,2017-12-18 16:36:16,2017-12-18 16:36:44
881,UTC-0400,7.0,F/D7+hL5E5,2018-04-14 11:33:26,2018-04-14 11:34:54
882,UTC-0400,1.0,F/D7+hL5E5,2018-09-16 07:33:32,2018-09-16 07:33:42
883,UTC-0500,1.0,F/D7+hL5E5,2018-02-28 19:02:51,2018-02-28 19:03:19
884,UTC-0400,1.0,F/D7+hL5E5,2018-07-24 08:10:48,2018-07-24 08:11:09
885,UTC+0200,1.0,F/D7+hL5E5,2018-08-21 11:05:13,2018-08-21 11:05:44
886,UTC-0400,2.0,F/D7+hL5E5,2018-09-26 17:20:37,2018-09-26 17:21:54
887,UTC-0400,2.0,F/D7+hL5E5,2018-10-17 19:56:17,2018-10-17 19:57:12
888,UTC-0400,2.0,F/D7+hL5E5,2018-06-25 20:50:54,2018-06-25 20:51:40
889,UTC+0200,1.0,F/D7+hL5E5,2018-08-23 18:50:58,2018-08-23 18:51:29
890,UTC-0500,2.0,F/D7+hL5E5,2018-01-19 16:36:08,2018-01-19 16:36:59
891,UTC-0400,1.0,F/D7+hL5E5,2018-10-30 18:34:23,2018-10-30 18:34:38
892,UTC-0400,1.0,F/D7+hL5E5,2018-10-16 07:40:09,2018-10-16 07:40:22
893,UTC-0400,1.0,F/D7+hL5E5,2018-09-28 08:30:32,2018-09-28 08:30:47
894,UTC-0500,1.0,F/D7+hL5E5,2018-02-12 17:55:11,2018-02-12 17:55:24
895,UTC-0500,2.0,F/D7+hL5E5,2018-01-24 08:44:46,2018-01-24 08:45:19
896,UTC-0400,1.0,F/D7+hL5E5,2018-05-06 07:04:41,2018-05-06 07:05:09
897,UTC-0400,2.0,F/D7+hL5E5,2018-03-23 09:02:41,2018-03-23 09:03:32
898,UTC-0500,12.0,F/D7+hL5E5,2018-01-06 21:01:12,2018-01-06 21:03:38
899,UTC-0500,1.0,F/D7+hL5E5,2018-01-03 19:09:07,2018-01-03 19:09:16
900,UTC-0500,1.0,F/D7+hL5E5,2018-11-28 20:00:07,2018-11-28 20:00:25
901,UTC-0400,1.0,F/D7+hL5E5,2018-03-28 20:03:16,2018-03-28 20:03:31
902,UTC-0400,1.0,F/D7+hL5E5,2018-06-13 17:28:38,2018-06-13 17:28:57
903,UTC-0400,1.0,F/D7+hL5E5,2018-03-25 14:56:43,2018-03-25 14:56:59
904,UTC-0500,2.0,F/D7+hL5E5,2018-02-12 17:57:21,2018-02-12 17:57:49
905,UTC-0500,7.0,F/D7+hL5E5,2018-01-15 07:19:11,2018-01-15 07:20:46
906,UTC-0500,1.0,F/D7+hL5E5,2018-03-07 20:01:53,2018-03-07 20:01:59
907,UTC-0400,1.0,F/D7+hL5E5,2018-05-28 20:31:57,2018-05-28 20:32:26
908,UTC-0500,1.0,F/D7+hL5E5,2018-01-05 11:56:39,2018-01-05 11:56:45
909,UTC-0800,1.0,F/D7+hL5E5,2017-12-29 12:43:22,2017-12-29 12:43:32
910,UTC-0400,1.0,F/D7+hL5E5,2018-04-09 12:48:13,2018-04-09 12:48:29
911,UTC-0500,1.0,F/D7+hL5E5,2018-03-08 09:10:36,2018-03-08 09:10:56
912,UTC-0800,3.0,F/D7+hL5E5,2017-12-31 10:43:07,2017-12-31 10:43:54
913,UTC-0400,1.0,F/D7+hL5E5,2018-03-14 09:13:02,2018-03-14 09:13:22
914,UTC-0500,1.0,F/D7+hL5E5,2018-02-21 08:23:42,2018-02-21 08:24:00
915,UTC-0400,1.0,F/D7+hL5E5,2018-04-14 15:39:33,2018-04-14 15:39:42
916,UTC-0800,1.0,F/D7+hL5E5,2017-12-25 12:34:09,2017-12-25 12:34:36
917,UTC-0500,6.0,F/D7+hL5E5,2018-11-16 11:20:18,2018-11-16 11:21:47
918,UTC-0500,1.0,F/D7+hL5E5,2018-02-16 11:41:32,2018-02-16 11:41:52
919,UTC-0400,1.0,F/D7+hL5E5,2018-09-23 09:07:21,2018-09-23 09:07:38
920,UTC-0400,1.0,F/D7+hL5E5,2018-09-16 07:35:37,2018-09-16 07:35:46
921,UTC+0200,2.0,F/D7+hL5E5,2018-08-26 00:09:19,2018-08-26 00:09:39
922,UTC-0500,4.0,F/D7+hL5E5,2018-01-04 08:11:11,2018-01-04 08:14:06
923,UTC-0400,1.0,F/D7+hL5E5,2018-05-23 08:31:52,2018-05-23 08:32:01
924,UTC-0500,1.0,F/D7+hL5E5,2018-01-29 17:34:32,2018-01-29 17:34:55
925,UTC-0400,1.0,F/D7+hL5E5,2018-10-17 08:18:46,2018-10-17 08:19:04
926,UTC-0500,7.0,F/D7+hL5E5,2018-02-28 06:58:26,2018-02-28 06:59:39
927,UTC-0400,1.0,F/D7+hL5E5,2018-05-15 19:39:48,2018-05-15 19:40:17
928,UTC-0400,1.0,F/D7+hL5E5,2018-03-27 08:13:49,2018-03-27 08:14:03
929,UTC-0400,1.0,F/D7+hL5E5,2018-04-06 19:09:34,2018-04-06 19:09:50
930,UTC-0400,1.0,F/D7+hL5E5,2018-03-12 07:44:37,2018-03-12 07:45:01
931,UTC-0500,1.0,F/D7+hL5E5,2018-02-28 09:01:33,2018-02-28 09:01:45
932,UTC-0400,1.0,F/D7+hL5E5,2018-03-21 20:05:09,2018-03-21 20:05:32
933,UTC-0500,2.0,F/D7+hL5E5,2018-11-27 17:48:00,2018-11-27 17:48:31
934,UTC-0400,1.0,F/D7+hL5E5,2018-03-14 17:15:54,2018-03-14 17:16:10
935,UTC-0400,1.0,F/D7+hL5E5,2018-03-14 20:51:43,2018-03-14 20:51:51
936,UTC-0400,2.0,F/D7+hL5E5,2018-07-29 16:25:48,2018-07-29 16:26:11
937,UTC-0400,1.0,F/D7+hL5E5,2018-06-18 08:12:33,2018-06-18 08:12:59
938,UTC-0400,5.0,F/D7+hL5E5,2018-03-28 17:15:13,2018-03-28 17:17:13
939,UTC-0400,1.0,F/D7+hL5E5,2018-06-13 17:31:10,2018-06-13 17:31:33
940,UTC-0500,9.0,F/D7+hL5E5,2018-01-30 17:24:46,2018-01-30 17:26:42
941,UTC-0500,12.0,F/D7+hL5E5,2018-02-02 20:26:48,2018-02-02 20:29:19
942,UTC-0500,6.0,F/D7+hL5E5,2018-12-14 13:08:52,2018-12-14 13:10:23
943,UTC-0400,1.0,F/D7+hL5E5,2018-07-12 17:24:09,2018-07-12 17:24:24
944,UTC-0400,1.0,F/D7+hL5E5,2018-06-19 18:40:41,2018-06-19 18:41:05
945,UTC-0400,2.0,F/D7+hL5E5,2018-05-16 08:08:31,2018-05-16 08:09:55
946,UTC-0400,1.0,F/D7+hL5E5,2018-05-10 15:54:07,2018-05-10 15:54:18
947,UTC-0400,2.0,F/D7+hL5E5,2018-05-15 09:11:10,2018-05-15 09:11:42
948,UTC-0400,2.0,F/D7+hL5E5,2018-06-22 19:05:16,2018-06-22 19:05:45
949,UTC-0500,9.0,F/D7+hL5E5,2018-11-17 11:13:33,2018-11-17 11:15:15
950,UTC-0400,8.0,F/D7+hL5E5,2018-04-12 19:27:16,2018-04-12 19:29:13
951,UTC-0500,2.0,F/D7+hL5E5,2018-03-02 08:36:10,2018-03-02 08:36:32
952,UTC-0400,9.0,F/D7+hL5E5,2018-04-12 08:21:48,2018-04-12 08:23:28
953,UTC-0400,1.0,F/D7+hL5E5,2018-06-04 19:44:47,2018-06-04 19:45:00
954,UTC-0400,1.0,F/D7+hL5E5,2018-05-01 18:10:32,2018-05-01 18:10:45
955,UTC-0400,1.0,F/D7+hL5E5,2018-04-19 18:37:56,2018-04-19 18:38:20
956,UTC-0800,2.0,F/D7+hL5E5,2017-12-21 13:00:19,2017-12-21 13:01:12
957,UTC-0500,1.0,F/D7+hL5E5,2018-01-22 08:05:56,2018-01-22 08:06:39
958,UTC-0500,9.0,F/D7+hL5E5,2018-02-14 21:04:26,2018-02-14 21:06:28
959,UTC-0400,3.0,F/D7+hL5E5,2018-03-14 20:08:40,2018-03-14 20:10:10
960,UTC-0400,2.0,F/D7+hL5E5,2018-06-14 08:43:39,2018-06-14 08:44:14
961,UTC-0400,1.0,F/D7+hL5E5,2018-05-02 18:34:53,2018-05-02 18:35:19
962,UTC-0400,1.0,F/D7+hL5E5,2018-10-03 17:29:25,2018-10-03 17:29:45
963,UTC-0500,9.0,F/D7+hL5E5,2018-03-05 18:41:34,2018-03-05 18:43:06
964,UTC-0400,1.0,F/D7+hL5E5,2018-06-11 12:36:00,2018-06-11 12:36:22
965,UTC-0400,1.0,F/D7+hL5E5,2018-06-09 09:34:06,2018-06-09 09:34:35
966,UTC-0400,3.0,F/D7+hL5E5,2018-05-18 18:01:10,2018-05-18 18:02:04
967,UTC+0200,1.0,F/D7+hL5E5,2018-08-22 14:06:08,2018-08-22 14:06:35
968,UTC-0400,9.0,F/D7+hL5E5,2018-06-19 18:43:43,2018-06-19 18:45:32
969,UTC-0500,1.0,F/D7+hL5E5,2018-11-13 15:56:02,2018-11-13 15:56:14
970,UTC-0400,1.0,F/D7+hL5E5,2018-05-31 18:22:08,2018-05-31 18:22:24
971,UTC-0400,4.0,F/D7+hL5E5,2018-05-05 20:31:43,2018-05-05 20:32:35
972,UTC-0800,1.0,F/D7+hL5E5,2017-12-24 13:16:21,2017-12-24 13:16:51
973,UTC-0400,2.0,F/D7+hL5E5,2018-07-29 08:42:26,2018-07-29 08:42:56
974,UTC+0200,1.0,F/D7+hL5E5,2018-08-22 20:00:18,2018-08-22 20:00:42
975,UTC-0400,6.0,F/D7+hL5E5,2018-06-18 08:17:23,2018-06-18 08:18:36
976,UTC-0400,2.0,F/D7+hL5E5,2018-09-04 19:06:20,2018-09-04 19:06:53
977,UTC-0400,1.0,F/D7+hL5E5,2018-08-09 09:41:42,2018-08-09 09:42:11
978,UTC-0500,1.0,F/D7+hL5E5,2018-02-28 08:02:33,2018-02-28 08:02:46
979,UTC-0500,9.0,F/D7+hL5E5,2018-12-27 17:46:23,2018-12-27 17:48:14
980,UTC-0500,5.0,F/D7+hL5E5,2018-01-25 06:23:09,2018-01-25 06:24:53
981,UTC-0400,3.0,F/D7+hL5E5,2018-03-16 20:01:37,2018-03-16 20:03:08
982,UTC-0400,1.0,F/D7+hL5E5,2018-08-13 08:47:44,2018-08-13 08:48:10
983,UTC-0400,1.0,F/D7+hL5E5,2018-03-12 09:03:02,2018-03-12 09:03:21
984,UTC-0400,7.0,F/D7+hL5E5,2018-10-30 18:44:12,2018-10-30 18:45:36
985,UTC-0400,1.0,F/D7+hL5E5,2018-05-11 19:03:52,2018-05-11 19:04:19
986,UTC-0400,1.0,F/D7+hL5E5,2018-07-18 19:27:12,2018-07-18 19:27:25
987,UTC-0400,1.0,F/D7+hL5E5,2018-09-04 07:57:50,2018-09-04 07:58:09
988,UTC-0400,1.0,F/D7+hL5E5,2018-08-01 16:21:19,2018-08-01 16:21:49
989,UTC-0400,2.0,F/D7+hL5E5,2018-10-14 15:39:03,2018-10-14 15:39:28
990,UTC-0500,8.0,F/D7+hL5E5,2018-02-19 16:25:14,2018-02-19 16:27:38
991,UTC-0500,12.0,F/D7+hL5E5,2018-02-15 14:59:27,2018-02-15 15:01:50
992,UTC-0400,1.0,F/D7+hL5E5,2018-05-02 19:25:16,2018-05-02 19:25:27
993,UTC-0400,1.0,F/D7+hL5E5,2018-05-02 07:52:40,2018-05-02 07:52:55
994,UTC-0400,1.0,F/D7+hL5E5,2018-08-15 12:58:07,2018-08-15 12:58:17
995,UTC-0400,1.0,F/D7+hL5E5,2018-09-10 18:13:44,2018-09-10 18:13:59
996,UTC-0400,1.0,F/D7+hL5E5,2018-05-23 14:56:12,2018-05-23 14:56:44
997,UTC-0500,1.0,F/D7+hL5E5,2018-02-07 08:03:43,2018-02-07 08:04:04
998,UTC-0400,1.0,F/D7+hL5E5,2018-09-10 18:23:20,2018-09-10 18:23:43
999,UTC-0400,2.0,F/D7+hL5E5,2018-07-10 20:30:35,2018-07-10 20:32:09
1000,UTC-0500,9.0,F/D7+hL5E5,2018-01-28 08:31:46,2018-01-28 08:33:25
1001,UTC-0500,4.0,F/D7+hL5E5,2018-01-18 18:29:50,2018-01-18 18:32:37
1002,UTC-0500,1.0,F/D7+hL5E5,2018-11-12 17:54:47,2018-11-12 17:54:57
1003,UTC-0500,2.0,F/D7+hL5E5,2018-03-02 16:32:29,2018-03-02 16:32:51
1004,UTC-0400,2.0,F/D7+hL5E5,2018-11-01 20:01:59,2018-11-01 20:03:04
1005,UTC-0500,1.0,F/D7+hL5E5,2018-11-07 20:07:48,2018-11-07 20:08:14
1006,UTC-0500,8.0,F/D7+hL5E5,2018-12-18 10:01:02,2018-12-18 10:02:29
1007,UTC-0400,1.0,F/D7+hL5E5,2018-05-15 18:40:35,2018-05-15 18:40:48
1008,UTC-0400,1.0,F/D7+hL5E5,2018-07-30 19:33:32,2018-07-30 19:33:51
1009,UTC-0500,9.0,F/D7+hL5E5,2018-01-19 16:41:14,2018-01-19 16:43:07
1010,UTC-0500,1.0,F/D7+hL5E5,2018-11-26 16:04:47,2018-11-26 16:05:14
1011,UTC-0400,2.0,F/D7+hL5E5,2018-10-12 18:15:39,2018-10-12 18:16:47
1012,UTC-0500,2.0,F/D7+hL5E5,2018-01-29 08:05:24,2018-01-29 08:06:48
1013,UTC-0400,1.0,F/D7+hL5E5,2018-06-13 18:21:55,2018-06-13 18:22:04
1014,UTC-0800,5.0,F/D7+hL5E5,2017-12-25 11:54:34,2017-12-25 11:56:24
1015,UTC-0500,1.0,F/D7+hL5E5,2018-02-04 19:37:25,2018-02-04 19:37:49
1016,UTC-0400,2.0,F/D7+hL5E5,2018-05-07 09:09:33,2018-05-07 09:10:17
1017,UTC-0400,2.0,F/D7+hL5E5,2018-05-30 08:08:54,2018-05-30 08:10:10
1018,UTC-0400,3.0,F/D7+hL5E5,2018-09-19 19:38:46,2018-09-19 19:40:06
1019,UTC-0800,1.0,F/D7+hL5E5,2017-12-31 21:05:20,2017-12-31 21:05:28
1020,UTC-0400,1.0,F/D7+hL5E5,2018-04-02 08:36:20,2018-04-02 08:36:33
1021,UTC-0400,1.0,F/D7+hL5E5,2018-07-09 16:35:09,2018-07-09 16:35:24
1022,UTC-0500,1.0,F/D7+hL5E5,2018-01-29 08:08:06,2018-01-29 08:08:25
1023,UTC+0200,1.0,F/D7+hL5E5,2018-08-20 16:15:14,2018-08-20 16:15:28
1024,UTC-0400,1.0,F/D7+hL5E5,2018-09-03 19:54:35,2018-09-03 19:54:57
1025,UTC-0400,1.0,F/D7+hL5E5,2018-04-04 18:39:55,2018-04-04 18:40:13
1026,UTC-0400,1.0,F/D7+hL5E5,2018-07-25 19:18:35,2018-07-25 19:18:48
1027,UTC-0400,1.0,F/D7+hL5E5,2018-07-03 08:45:34,2018-07-03 08:45:42
1028,UTC-0400,1.0,F/D7+hL5E5,2018-04-02 16:38:17,2018-04-02 16:38:45
1029,UTC+0200,1.0,F/D7+hL5E5,2018-08-19 14:19:44,2018-08-19 14:20:03
1030,UTC-0400,1.0,F/D7+hL5E5,2018-03-27 08:12:01,2018-03-27 08:12:40
1031,UTC-0800,1.0,F/D7+hL5E5,2017-12-27 19:56:52,2017-12-27 19:57:13
1032,UTC-0800,1.0,F/D7+hL5E5,2017-12-27 10:56:38,2017-12-27 10:56:53
1033,UTC-0400,3.0,F/D7+hL5E5,2018-04-12 19:11:24,2018-04-12 19:12:25
1034,UTC-0500,1.0,F/D7+hL5E5,2018-11-15 09:15:44,2018-11-15 09:15:51
1035,UTC-0800,1.0,F/D7+hL5E5,2017-12-26 10:46:38,2017-12-26 10:46:58
1036,UTC-0500,1.0,F/D7+hL5E5,2018-01-18 09:16:41,2018-01-18 09:16:59
1037,UTC-0500,1.0,F/D7+hL5E5,2018-01-14 17:45:13,2018-01-14 17:45:26
1038,UTC-0400,3.0,F/D7+hL5E5,2018-03-16 07:57:07,2018-03-16 07:58:52
1039,UTC-0500,7.0,F/D7+hL5E5,2018-01-27 10:23:19,2018-01-27 10:24:44
1040,UTC-0400,1.0,F/D7+hL5E5,2018-03-19 11:46:34,2018-03-19 11:46:42
1041,UTC-0400,1.0,F/D7+hL5E5,2018-04-11 08:12:47,2018-04-11 08:13:15
1042,UTC-0400,2.0,F/D7+hL5E5,2018-09-28 17:13:26,2018-09-28 17:13:49
1043,UTC-0800,1.0,F/D7+hL5E5,2017-12-24 08:57:45,2017-12-24 08:58:06
1044,UTC-0500,9.0,F/D7+hL5E5,2018-02-16 21:05:04,2018-02-16 21:06:53
1045,UTC-0400,1.0,F/D7+hL5E5,2018-05-24 17:51:56,2018-05-24 17:52:14
1046,UTC-0400,1.0,F/D7+hL5E5,2018-04-17 09:16:46,2018-04-17 09:16:53
1047,UTC-0400,1.0,F/D7+hL5E5,2018-05-02 08:42:15,2018-05-02 08:42:28
1048,UTC-0800,2.0,F/D7+hL5E5,2017-12-30 11:45:40,2017-12-30 11:46:56
1049,UTC-0800,1.0,F/D7+hL5E5,2017-12-20 12:44:08,2017-12-20 12:44:42
1050,UTC-0500,5.0,F/D7+hL5E5,2018-02-05 18:37:04,2018-02-05 18:39:00
1051,UTC-0400,1.0,F/D7+hL5E5,2018-07-20 08:31:41,2018-07-20 08:31:50
1052,UTC+0200,2.0,F/D7+hL5E5,2018-08-20 20:53:22,2018-08-20 20:53:29
1053,UTC-0400,1.0,F/D7+hL5E5,2018-06-14 07:37:31,2018-06-14 07:37:49
1054,UTC-0400,1.0,F/D7+hL5E5,2018-04-10 15:47:43,2018-04-10 15:47:57
1055,UTC-0500,1.0,F/D7+hL5E5,2018-03-07 17:14:43,2018-03-07 17:15:11
1056,UTC-0500,1.0,F/D7+hL5E5,2018-01-24 16:40:29,2018-01-24 16:40:49
1057,UTC-0400,1.0,F/D7+hL5E5,2018-08-03 18:58:07,2018-08-03 18:58:22
1058,UTC-0500,1.0,F/D7+hL5E5,2018-02-13 18:01:55,2018-02-13 18:02:14
1059,UTC-0400,1.0,F/D7+hL5E5,2018-04-19 08:44:54,2018-04-19 08:45:13
1060,UTC-0500,1.0,F/D7+hL5E5,2018-11-15 16:39:00,2018-11-15 16:39:40
1061,UTC-0400,2.0,F/D7+hL5E5,2018-06-25 07:37:44,2018-06-25 07:38:41
1062,UTC-0500,1.0,F/D7+hL5E5,2018-12-13 16:14:20,2018-12-13 16:14:37
1063,UTC-0400,2.0,F/D7+hL5E5,2018-05-17 07:25:25,2018-05-17 07:25:52
1064,UTC-0400,2.0,F/D7+hL5E5,2018-10-05 18:10:50,2018-10-05 18:12:02
1065,UTC-0500,1.0,F/D7+hL5E5,2018-11-21 20:18:25,2018-11-21 20:18:38
1066,UTC-0500,1.0,F/D7+hL5E5,2018-11-28 19:53:35,2018-11-28 19:53:52
1067,UTC-0500,1.0,F/D7+hL5E5,2018-03-05 07:45:52,2018-03-05 07:46:11
1068,UTC-0500,2.0,F/D7+hL5E5,2018-12-18 18:40:49,2018-12-18 18:41:43
1069,UTC-0500,1.0,F/D7+hL5E5,2018-02-07 16:25:15,2018-02-07 16:25:25
1070,UTC-0800,1.0,F/D7+hL5E5,2017-12-20 16:36:31,2017-12-20 16:36:39
1071,UTC-0500,1.0,F/D7+hL5E5,2018-02-14 20:09:05,2018-02-14 20:09:26
1072,UTC-0400,1.0,F/D7+hL5E5,2018-05-22 08:03:52,2018-05-22 08:04:06
1073,UTC-0400,1.0,F/D7+hL5E5,2018-06-04 19:47:13,2018-06-04 19:47:32
1074,UTC-0500,6.0,F/D7+hL5E5,2018-11-14 20:59:16,2018-11-14 21:02:04
1075,UTC-0400,1.0,F/D7+hL5E5,2018-04-11 19:11:22,2018-04-11 19:11:42
1076,UTC-0400,1.0,F/D7+hL5E5,2018-07-09 20:34:25,2018-07-09 20:34:54
1077,UTC-0500,1.0,F/D7+hL5E5,2018-01-31 08:11:05,2018-01-31 08:11:22
1078,UTC-0400,1.0,F/D7+hL5E5,2018-03-20 18:23:48,2018-03-20 18:24:13
1079,UTC-0500,2.0,F/D7+hL5E5,2018-01-16 09:35:55,2018-01-16 09:36:51
1080,UTC-0400,1.0,F/D7+hL5E5,2018-04-26 07:45:32,2018-04-26 07:45:50
1081,UTC-0400,3.0,F/D7+hL5E5,2018-10-31 18:38:32,2018-10-31 18:39:59
1082,UTC-0400,1.0,F/D7+hL5E5,2018-05-05 16:40:50,2018-05-05 16:41:25
1083,UTC-0400,1.0,F/D7+hL5E5,2018-10-03 20:59:46,2018-10-03 21:00:12
1084,UTC-0400,1.0,F/D7+hL5E5,2018-07-16 16:04:21,2018-07-16 16:04:29
1085,UTC-0400,2.0,F/D7+hL5E5,2018-03-12 07:46:09,2018-03-12 07:48:12
1086,UTC-0400,1.0,F/D7+hL5E5,2018-08-30 17:51:05,2018-08-30 17:51:35
1087,UTC-0400,2.0,F/D7+hL5E5,2018-06-07 08:37:59,2018-06-07 08:38:32
1088,UTC-0400,1.0,F/D7+hL5E5,2018-09-19 08:04:59,2018-09-19 08:05:13
1089,UTC-0400,1.0,F/D7+hL5E5,2018-05-07 18:43:54,2018-05-07 18:44:09
1090,UTC-0500,1.0,F/D7+hL5E5,2018-01-11 18:39:49,2018-01-11 18:40:10
1091,UTC-0500,2.0,F/D7+hL5E5,2018-02-12 18:35:45,2018-02-12 18:36:35
1092,UTC-0500,9.0,F/D7+hL5E5,2018-12-08 10:32:13,2018-12-08 10:34:09
1093,UTC+0200,8.0,F/D7+hL5E5,2018-08-23 18:36:57,2018-08-23 18:41:30
1094,UTC-0400,4.0,F/D7+hL5E5,2018-06-13 18:26:53,2018-06-13 18:29:13
1095,UTC-0400,1.0,F/D7+hL5E5,2018-07-18 20:40:51,2018-07-18 20:41:12
1096,UTC-0500,2.0,F/D7+hL5E5,2018-11-21 08:06:57,2018-11-21 08:07:20
1097,UTC-0500,1.0,F/D7+hL5E5,2018-03-08 18:31:03,2018-03-08 18:31:34
1098,UTC-0500,5.0,F/D7+hL5E5,2018-12-05 12:52:11,2018-12-05 12:53:12
1099,UTC-0500,4.0,F/D7+hL5E5,2018-12-20 18:40:00,2018-12-20 18:41:44
1100,UTC-0400,1.0,F/D7+hL5E5,2018-04-17 17:13:33,2018-04-17 17:13:45
1101,UTC-0500,1.0,F/D7+hL5E5,2018-01-22 08:07:43,2018-01-22 08:07:54
1102,UTC-0500,1.0,F/D7+hL5E5,2018-01-29 17:21:06,2018-01-29 17:21:16
1103,UTC-0400,1.0,F/D7+hL5E5,2018-08-29 18:04:41,2018-08-29 18:04:54
1104,UTC-0500,1.0,F/D7+hL5E5,2018-02-26 17:12:20,2018-02-26 17:12:46
1105,UTC-0500,1.0,F/D7+hL5E5,2018-12-11 09:09:15,2018-12-11 09:09:30
1106,UTC-0500,2.0,F/D7+hL5E5,2018-01-22 09:01:05,2018-01-22 09:01:13
1107,UTC-0400,1.0,F/D7+hL5E5,2018-04-07 18:55:55,2018-04-07 18:56:05
1108,UTC-0400,2.0,F/D7+hL5E5,2018-05-07 10:07:32,2018-05-07 10:08:56
1109,UTC-0400,1.0,F/D7+hL5E5,2018-04-30 07:38:25,2018-04-30 07:38:52
1110,UTC-0500,9.0,F/D7+hL5E5,2018-11-19 17:43:00,2018-11-19 17:44:53
1111,UTC-0400,1.0,F/D7+hL5E5,2018-05-02 08:35:06,2018-05-02 08:35:18
1112,UTC-0500,2.0,F/D7+hL5E5,2018-01-04 17:35:29,2018-01-04 17:36:36
1113,UTC-0400,9.0,F/D7+hL5E5,2018-08-05 09:10:05,2018-08-05 09:12:01
1114,UTC-0400,1.0,F/D7+hL5E5,2018-03-11 16:46:03,2018-03-11 16:46:35
1115,UTC-0400,1.0,F/D7+hL5E5,2018-09-05 15:41:26,2018-09-05 15:41:36
1116,UTC-0500,1.0,F/D7+hL5E5,2017-12-19 17:58:27,2017-12-19 17:58:52
1117,UTC-0500,2.0,F/D7+hL5E5,2018-01-16 08:06:00,2018-01-16 08:06:50
1118,UTC-0400,2.0,F/D7+hL5E5,2018-05-22 18:56:38,2018-05-22 18:58:00
1119,UTC-0500,1.0,F/D7+hL5E5,2018-01-16 18:33:35,2018-01-16 18:33:47
1120,UTC-0400,1.0,F/D7+hL5E5,2018-03-27 17:25:29,2018-03-27 17:25:48
1121,UTC-0400,1.0,F/D7+hL5E5,2018-10-05 08:33:13,2018-10-05 08:33:30
1122,UTC-0500,6.0,F/D7+hL5E5,2018-11-05 17:34:03,2018-11-05 17:35:36
1123,UTC-0400,1.0,F/D7+hL5E5,2018-07-26 21:48:37,2018-07-26 21:49:08
1124,UTC-0500,1.0,F/D7+hL5E5,2018-12-13 16:08:11,2018-12-13 16:08:36
1125,UTC+0200,4.0,F/D7+hL5E5,2018-08-23 17:10:48,2018-08-23 17:12:31
1126,UTC-0500,3.0,F/D7+hL5E5,2018-02-13 07:45:16,2018-02-13 07:46:28
1127,UTC-0400,9.0,F/D7+hL5E5,2018-05-27 20:00:40,2018-05-27 20:02:35
1128,UTC-0400,1.0,F/D7+hL5E5,2018-04-25 16:44:08,2018-04-25 16:44:17
1129,UTC-0400,1.0,F/D7+hL5E5,2018-09-15 10:39:22,2018-09-15 10:39:46
1130,UTC-0400,1.0,F/D7+hL5E5,2018-09-22 01:24:21,2018-09-22 01:24:41
1131,UTC-0400,2.0,F/D7+hL5E5,2018-04-30 07:40:00,2018-04-30 07:41:11
1132,UTC-0400,1.0,F/D7+hL5E5,2018-09-19 20:33:22,2018-09-19 20:33:49
1133,UTC-0400,9.0,F/D7+hL5E5,2018-06-25 21:02:54,2018-06-25 21:04:30
1134,UTC-0400,1.0,F/D7+hL5E5,2018-03-28 08:12:16,2018-03-28 08:12:37
1135,UTC+0200,2.0,F/D7+hL5E5,2018-08-27 14:28:40,2018-08-27 14:29:44
1136,UTC-0400,1.0,F/D7+hL5E5,2018-03-24 09:06:59,2018-03-24 09:07:20
1137,UTC-0800,1.0,F/D7+hL5E5,2017-12-28 22:11:20,2017-12-28 22:11:43
1138,UTC-0500,1.0,F/D7+hL5E5,2018-03-05 17:53:21,2018-03-05 17:53:47
1139,UTC-0500,7.0,F/D7+hL5E5,2019-01-02 08:54:54,2019-01-02 08:56:40
1140,UTC-0800,2.0,F/D7+hL5E5,2017-12-23 08:53:59,2017-12-23 08:55:36
1141,UTC-0400,2.0,F/D7+hL5E5,2018-06-14 22:07:39,2018-06-14 22:08:05
1142,UTC-0400,1.0,F/D7+hL5E5,2018-03-27 17:27:25,2018-03-27 17:27:36
1143,UTC-0500,3.0,F/D7+hL5E5,2018-02-07 20:09:15,2018-02-07 20:10:17
1144,UTC-0500,6.0,F/D7+hL5E5,2018-03-05 06:22:17,2018-03-05 06:23:25
1145,UTC-0500,9.0,F/D7+hL5E5,2018-11-17 17:01:40,2018-11-17 17:03:19
1146,UTC-0400,1.0,F/D7+hL5E5,2018-05-27 19:47:59,2018-05-27 19:48:14
1147,UTC-0800,4.0,F/D7+hL5E5,2017-12-21 11:24:30,2017-12-21 11:25:38
1148,UTC-0500,1.0,F/D7+hL5E5,2018-01-19 09:07:45,2018-01-19 09:08:03
1149,UTC-0500,1.0,F/D7+hL5E5,2018-03-02 17:54:43,2018-03-02 17:55:09
1150,UTC-0800,2.0,F/D7+hL5E5,2017-12-25 09:19:59,2017-12-25 09:20:59
1151,UTC+0200,1.0,F/D7+hL5E5,2018-08-22 09:36:07,2018-08-22 09:36:28
1152,UTC-0400,1.0,F/D7+hL5E5,2018-09-17 20:00:40,2018-09-17 20:01:06
1153,UTC-0400,1.0,F/D7+hL5E5,2018-05-05 20:18:47,2018-05-05 20:19:07
1154,UTC-0400,2.0,F/D7+hL5E5,2018-10-05 08:58:43,2018-10-05 08:59:13
1155,UTC-0400,1.0,F/D7+hL5E5,2018-04-05 08:48:55,2018-04-05 08:49:15
1156,UTC-0400,1.0,F/D7+hL5E5,2018-09-18 07:46:05,2018-09-18 07:46:23
1157,UTC-0500,8.0,F/D7+hL5E5,2018-03-08 06:30:13,2018-03-08 06:31:50
1158,UTC-0500,7.0,F/D7+hL5E5,2018-01-06 20:42:04,2018-01-06 20:43:34
1159,UTC-0500,1.0,F/D7+hL5E5,2018-01-03 15:04:42,2018-01-03 15:04:48
1160,UTC-0400,2.0,F/D7+hL5E5,2018-06-17 17:24:35,2018-06-17 17:25:20
1161,UTC+0200,1.0,F/D7+hL5E5,2018-08-23 17:24:34,2018-08-23 17:24:56
1162,UTC-0400,1.0,F/D7+hL5E5,2018-05-05 20:00:20,2018-05-05 20:00:35
1163,UTC-0400,2.0,F/D7+hL5E5,2018-08-05 08:42:04,2018-08-05 08:42:20
1164,UTC-0400,1.0,F/D7+hL5E5,2018-08-01 08:43:45,2018-08-01 08:44:11
1165,UTC-0400,2.0,F/D7+hL5E5,2018-10-10 17:24:32,2018-10-10 17:25:51
1166,UTC-0400,2.0,F/D7+hL5E5,2018-08-17 12:37:00,2018-08-17 12:38:03
1167,UTC-0400,8.0,F/D7+hL5E5,2018-06-04 18:44:42,2018-06-04 18:46:22
1168,UTC-0400,1.0,F/D7+hL5E5,2018-04-11 20:04:20,2018-04-11 20:04:50
1169,UTC-0400,1.0,F/D7+hL5E5,2018-08-30 09:19:30,2018-08-30 09:19:42
1170,UTC-0400,2.0,F/D7+hL5E5,2018-04-25 17:00:50,2018-04-25 17:01:20
1171,UTC-0500,1.0,F/D7+hL5E5,2018-01-31 17:28:25,2018-01-31 17:28:31
1172,UTC-0400,1.0,F/D7+hL5E5,2018-09-15 18:55:21,2018-09-15 18:55:36
1173,UTC-0400,2.0,F/D7+hL5E5,2018-06-21 14:35:56,2018-06-21 14:36:32
1174,UTC-0400,1.0,F/D7+hL5E5,2018-03-17 14:18:10,2018-03-17 14:18:36
1175,UTC-0800,1.0,F/D7+hL5E5,2017-12-21 08:17:15,2017-12-21 08:17:42
1176,UTC-0400,1.0,F/D7+hL5E5,2018-04-04 17:24:02,2018-04-04 17:24:14
1177,UTC-0400,1.0,F/D7+hL5E5,2018-06-25 19:07:34,2018-06-25 19:08:00
1178,UTC-0800,2.0,F/D7+hL5E5,2017-12-27 20:15:08,2017-12-27 20:15:48
1179,UTC-0500,1.0,F/D7+hL5E5,2018-11-13 14:34:17,2018-11-13 14:34:35
