,efficiency,quality,time_offset,deviceuuid,local_start_time,local_end_time
1,90.76923,,UTC-0400,F/D7+hL5E5,2018-09-10 23:06:00,2018-09-11 06:40:00
2,97.391304,,UTC-0400,F/D7+hL5E5,2018-08-31 05:35:00,2018-08-31 07:29:00
3,92.55533,,UTC-0500,F/D7+hL5E5,2018-11-23 21:10:00,2018-11-24 05:26:00
4,92.66304,50003.0,UTC-0500,F/D7+hL5E5,2018-03-07 22:23:00,2018-03-08 04:30:00
5,87.78801999999997,,UTC-0500,F/D7+hL5E5,2018-02-25 01:15:00,2018-02-25 08:28:00
6,92.27166,,UTC-0500,F/D7+hL5E5,2018-11-28 22:43:00,2018-11-29 05:49:00
7,90.026955,,UTC-0400,F/D7+hL5E5,2018-06-01 23:37:00,2018-06-02 05:49:00
9,90.69768,,UTC-0400,F/D7+hL5E5,2018-10-06 23:18:00,2018-10-07 07:10:00
10,83.65925797604791,,UTC-0400,F/D7+hL5E5,2018-06-22 22:11:00,2018-06-23 06:32:00
11,93.75,,UTC-0500,F/D7+hL5E5,2018-01-04 23:54:00,2018-01-05 08:41:00
12,91.30435,,UTC-0500,F/D7+hL5E5,2018-11-24 22:24:00,2018-11-25 06:26:00
13,93.305435,,UTC-0400,F/D7+hL5E5,2018-05-11 22:20:00,2018-05-12 06:17:00
14,90.17094,,UTC-0500,F/D7+hL5E5,2018-11-06 22:41:00,2018-11-07 06:28:00
15,90.97065,,UTC-0400,F/D7+hL5E5,2018-06-06 23:02:00,2018-06-07 06:24:00
16,86.39421550983602,,UTC-0400,F/D7+hL5E5,2018-08-29 21:24:00,2018-08-30 06:43:00
17,87.10198178506376,,UTC-0800,F/D7+hL5E5,2017-12-31 22:20:00,2018-01-01 07:29:00
18,87.598946,50003.0,UTC-0500,F/D7+hL5E5,2018-02-08 22:00:00,2018-02-09 04:18:00
19,89.54128,,UTC-0500,F/D7+hL5E5,2018-12-15 21:41:00,2018-12-16 07:00:00
20,90.71619,,UTC+0200,F/D7+hL5E5,2018-08-23 23:40:00,2018-08-24 05:56:00
21,94.03803066985645,,UTC-0400,F/D7+hL5E5,2018-05-14 23:55:00,2018-05-15 06:53:00
22,89.51264555926544,,UTC-0400,F/D7+hL5E5,2018-09-28 21:42:00,2018-09-29 07:41:00
23,91.75258,,UTC-0400,F/D7+hL5E5,2018-06-15 20:19:00,2018-06-15 21:55:00
24,94.0919,,UTC-0400,F/D7+hL5E5,2018-06-11 23:17:00,2018-06-12 06:54:00
25,92.230576,,UTC-0400,F/D7+hL5E5,2018-10-18 23:00:00,2018-10-19 05:39:00
26,94.318184,,UTC-0400,F/D7+hL5E5,2018-05-13 00:10:00,2018-05-13 06:01:00
27,92.82609,,UTC-0400,F/D7+hL5E5,2018-07-26 22:30:00,2018-07-27 06:09:00
28,89.87654,,UTC-0500,F/D7+hL5E5,2018-12-18 00:11:00,2018-12-18 06:55:00
30,89.87340999999998,,UTC-0400,F/D7+hL5E5,2018-05-08 18:04:00,2018-05-08 19:24:00
31,91.89049425469729,,UTC-0400,F/D7+hL5E5,2018-03-16 23:56:00,2018-03-17 07:55:00
32,89.6861,,UTC-0400,F/D7+hL5E5,2018-06-27 23:36:00,2018-06-28 07:02:00
33,92.24806,,UTC-0400,F/D7+hL5E5,2018-10-04 23:30:00,2018-10-05 05:56:00
34,94.34889,,UTC-0400,F/D7+hL5E5,2018-03-29 23:19:00,2018-03-30 06:06:00
36,89.393936,,UTC-0500,F/D7+hL5E5,2018-11-27 21:12:00,2018-11-28 05:59:00
37,86.84863,,UTC-0400,F/D7+hL5E5,2018-07-30 00:07:00,2018-07-30 06:50:00
38,87.61905,,UTC+0200,F/D7+hL5E5,2018-08-23 00:02:00,2018-08-23 07:13:00
39,87.87591,,UTC-0400,F/D7+hL5E5,2018-10-08 22:47:00,2018-10-09 06:53:00
40,91.86813,,UTC-0400,F/D7+hL5E5,2018-03-23 21:55:00,2018-03-24 05:29:00
42,90.49881,,UTC-0400,F/D7+hL5E5,2018-10-11 22:02:00,2018-10-12 05:02:00
43,93.90863,,UTC-0400,F/D7+hL5E5,2018-05-31 23:27:00,2018-06-01 06:00:00
44,89.61056851851852,,UTC-0500,F/D7+hL5E5,2019-01-02 03:51:00,2019-01-02 06:23:00
45,94.57505,50004.0,UTC-0500,F/D7+hL5E5,2018-02-26 21:50:00,2018-02-27 07:02:00
46,90.97104,,UTC-0500,F/D7+hL5E5,2018-12-22 22:40:00,2018-12-23 08:27:00
47,96.57258,50005.0,UTC-0500,F/D7+hL5E5,2018-03-08 22:26:00,2018-03-09 06:42:00
48,91.2,,UTC-0500,F/D7+hL5E5,2018-12-31 23:55:00,2019-01-01 08:14:00
49,91.34948,,UTC-0400,F/D7+hL5E5,2018-04-05 22:50:00,2018-04-06 03:38:00
50,91.30435,,UTC-0500,F/D7+hL5E5,2018-01-07 06:21:00,2018-01-07 09:01:00
51,92.5734,,UTC-0500,F/D7+hL5E5,2018-11-30 22:45:00,2018-12-01 08:24:00
52,77.77778,,UTC-0400,F/D7+hL5E5,2018-10-07 15:28:00,2018-10-07 16:57:00
53,89.93964,,UTC-0400,F/D7+hL5E5,2018-07-31 22:10:00,2018-08-01 06:26:00
54,92.78847,,UTC-0400,F/D7+hL5E5,2018-04-01 23:15:00,2018-04-02 06:10:00
55,94.902916,,UTC-0500,F/D7+hL5E5,2017-12-16 00:02:00,2017-12-16 06:53:00
56,82.75148536155203,,UTC-0500,F/D7+hL5E5,2018-12-14 22:28:00,2018-12-15 07:55:00
58,92.65873,,UTC-0500,F/D7+hL5E5,2018-01-31 22:14:00,2018-02-01 06:37:00
59,94.43156,,UTC-0400,F/D7+hL5E5,2018-07-11 22:59:00,2018-07-12 06:09:00
60,87.37270798778005,,UTC-0400,F/D7+hL5E5,2018-05-28 22:25:00,2018-05-29 06:36:00
61,95.9799,50003.0,UTC-0500,F/D7+hL5E5,2018-02-25 23:16:00,2018-02-26 05:53:00
62,93.283585,,UTC+0200,F/D7+hL5E5,2018-08-25 12:01:00,2018-08-25 14:14:00
63,91.09870434782609,,UTC-0400,F/D7+hL5E5,2018-04-30 23:47:00,2018-05-01 06:41:00
64,92.77389,,UTC-0400,F/D7+hL5E5,2018-06-10 23:02:00,2018-06-11 06:23:00
65,93.34917,,UTC-0500,F/D7+hL5E5,2018-01-09 22:55:00,2018-01-10 05:55:00
66,94.31372,,UTC-0400,F/D7+hL5E5,2018-10-03 23:05:00,2018-10-04 07:34:00
69,90.909096,,UTC-0400,F/D7+hL5E5,2018-05-29 22:53:00,2018-05-30 02:11:00
70,90.423164,,UTC-0500,F/D7+hL5E5,2018-12-19 23:20:00,2018-12-20 06:48:00
71,93.952484,,UTC-0400,F/D7+hL5E5,2018-03-27 22:44:00,2018-03-28 06:26:00
72,91.19122549159664,,UTC-0400,F/D7+hL5E5,2018-05-30 22:15:00,2018-05-31 06:11:00
73,95.34314,,UTC-0400,F/D7+hL5E5,2018-10-24 22:46:00,2018-10-25 05:33:00
74,92.07317,,UTC-0400,F/D7+hL5E5,2018-05-25 21:57:00,2018-05-26 06:09:00
75,92.821785,,UTC-0400,F/D7+hL5E5,2018-05-21 00:06:00,2018-05-21 06:49:00
76,88.29175,,UTC-0400,F/D7+hL5E5,2018-08-07 22:29:00,2018-08-08 07:09:00
77,89.43489,,UTC-0400,F/D7+hL5E5,2018-07-23 23:45:00,2018-07-24 06:42:00
78,93.174065,,UTC-0500,F/D7+hL5E5,2017-12-19 22:55:00,2017-12-20 03:48:00
79,90.05525,,UTC-0400,F/D7+hL5E5,2018-09-19 22:11:00,2018-09-20 07:13:00
80,80.22837072397436,,UTC-0400,F/D7+hL5E5,2018-11-01 03:14:00,2018-11-01 06:55:00
81,92.741936,,UTC-0400,F/D7+hL5E5,2018-06-29 00:19:00,2018-06-29 06:30:00
82,94.936714,,UTC-0500,F/D7+hL5E5,2018-12-31 11:00:00,2018-12-31 12:18:00
83,94.545456,50004.0,UTC-0500,F/D7+hL5E5,2018-02-04 22:23:00,2018-02-05 05:42:00
84,92.89474,,UTC-0400,F/D7+hL5E5,2018-07-09 00:03:00,2018-07-09 06:23:00
88,89.3617,,UTC-0500,F/D7+hL5E5,2018-11-17 13:39:00,2018-11-17 15:12:00
89,92.14438,,UTC-0400,F/D7+hL5E5,2018-06-09 22:33:00,2018-06-10 06:24:00
90,92.341354,,UTC-0500,F/D7+hL5E5,2018-11-21 21:59:00,2018-11-22 05:35:00
91,85.976195088965,,UTC-0400,F/D7+hL5E5,2018-09-29 23:43:00,2018-09-30 09:05:00
92,91.42857,,UTC-0500,F/D7+hL5E5,2018-01-14 22:57:00,2018-01-15 05:21:00
93,94.67456,,UTC-0500,F/D7+hL5E5,2018-12-07 22:04:00,2018-12-08 06:30:00
94,92.056076,,UTC-0500,F/D7+hL5E5,2018-01-03 23:15:00,2018-01-04 06:23:00
95,91.85022,,UTC-0400,F/D7+hL5E5,2018-07-12 22:11:00,2018-07-13 05:44:00
97,91.72577,,UTC-0400,F/D7+hL5E5,2018-05-16 23:08:00,2018-05-17 06:11:00
98,96.36363,50003.0,UTC-0500,F/D7+hL5E5,2018-03-02 22:55:00,2018-03-03 05:19:00
100,93.04933,50003.0,UTC-0400,F/D7+hL5E5,2018-03-10 22:11:00,2018-03-11 05:36:00
101,85.67714013043478,,UTC-0400,F/D7+hL5E5,2018-07-14 23:43:00,2018-07-15 07:23:00
102,92.26667,,UTC-0400,F/D7+hL5E5,2018-07-25 00:10:00,2018-07-25 06:24:00
103,93.589745,,UTC-0400,F/D7+hL5E5,2018-06-16 14:57:00,2018-06-16 16:14:00
104,93.071594,,UTC-0500,F/D7+hL5E5,2018-03-09 22:30:00,2018-03-10 05:42:00
105,91.66667,50003.0,UTC-0400,F/D7+hL5E5,2018-03-14 22:54:00,2018-03-15 05:41:00
106,92.24138,,UTC-0500,F/D7+hL5E5,2018-01-28 22:27:00,2018-01-29 04:14:00
107,92.36948,,UTC-0400,F/D7+hL5E5,2018-09-09 22:15:00,2018-09-10 06:32:00
108,90.4661,,UTC+0200,F/D7+hL5E5,2018-08-20 22:59:00,2018-08-21 06:51:00
109,91.97708,,UTC-0400,F/D7+hL5E5,2018-06-25 00:39:00,2018-06-25 06:27:00
111,87.47346,,UTC-0400,F/D7+hL5E5,2018-08-14 22:40:00,2018-08-15 06:30:00
112,83.47825999999998,,UTC+0200,F/D7+hL5E5,2018-08-27 16:44:00,2018-08-27 18:38:00
113,88.88889,,UTC-0500,F/D7+hL5E5,2018-12-01 15:58:00,2018-12-01 17:18:00
114,88.53333,,UTC-0400,F/D7+hL5E5,2018-05-27 23:13:00,2018-05-28 05:27:00
115,68.13205947368421,,UTC-0400,F/D7+hL5E5,2018-04-06 03:43:00,2018-04-06 07:31:00
116,85.71429,,UTC-0400,F/D7+hL5E5,2018-09-01 16:42:00,2018-09-01 17:44:00
117,93.066666,50003.0,UTC-0500,F/D7+hL5E5,2018-01-24 22:41:00,2018-01-25 04:55:00
118,93.94572,50003.0,UTC-0500,F/D7+hL5E5,2018-02-11 22:04:00,2018-02-12 06:02:00
119,91.224495,,UTC-0500,F/D7+hL5E5,2018-11-04 22:21:00,2018-11-05 06:31:00
122,91.025635,,UTC-0400,F/D7+hL5E5,2018-03-25 01:30:00,2018-03-25 06:41:00
123,95.06493,,UTC-0400,F/D7+hL5E5,2018-06-04 23:41:00,2018-06-05 06:05:00
124,96.385544,,UTC-0400,F/D7+hL5E5,2018-03-21 22:32:00,2018-03-21 23:54:00
125,85.45696757823129,,UTC-0500,F/D7+hL5E5,2018-01-21 21:32:00,2018-01-22 07:20:00
126,85.11543956653226,,UTC-0400,F/D7+hL5E5,2018-06-07 22:01:00,2018-06-08 06:17:00
127,92.253525,,UTC-0400,F/D7+hL5E5,2018-09-23 23:47:00,2018-09-24 06:52:00
128,89.47369,,UTC-0400,F/D7+hL5E5,2018-07-07 15:11:00,2018-07-07 16:45:00
129,91.967865,,UTC-0400,F/D7+hL5E5,2018-07-18 22:18:00,2018-07-19 06:35:00
130,95.631065,50004.0,UTC-0500,F/D7+hL5E5,2018-01-25 20:56:00,2018-01-26 07:13:00
131,90.804596,,UTC-0400,F/D7+hL5E5,2018-07-27 22:50:00,2018-07-28 07:31:00
132,93.589745,,UTC-0400,F/D7+hL5E5,2018-10-16 21:32:00,2018-10-17 06:37:00
133,90.38461,,UTC-0400,F/D7+hL5E5,2018-10-21 16:56:00,2018-10-21 18:39:00
134,86.54173,,UTC-0400,F/D7+hL5E5,2018-09-02 21:57:00,2018-09-03 07:44:00
135,93.99142,50004.0,UTC-0500,F/D7+hL5E5,2018-02-17 22:45:00,2018-02-18 06:30:00
136,92.42762,,UTC-0400,F/D7+hL5E5,2018-03-20 22:13:00,2018-03-21 05:42:00
137,94.90446,,UTC-0400,F/D7+hL5E5,2018-06-13 22:03:00,2018-06-14 03:16:00
138,92.20779,,UTC-0400,F/D7+hL5E5,2018-06-28 17:57:00,2018-06-28 19:13:00
139,95.16807,,UTC-0400,F/D7+hL5E5,2018-03-15 22:20:00,2018-03-16 06:15:00
140,95.73033,,UTC-0400,F/D7+hL5E5,2018-10-01 22:25:00,2018-10-02 05:49:00
141,90.59139,,UTC-0400,F/D7+hL5E5,2018-05-24 00:27:00,2018-05-24 06:38:00
142,89.952156,,UTC-0500,F/D7+hL5E5,2018-02-19 21:12:00,2018-02-20 00:40:00
143,92.11469,,UTC-0400,F/D7+hL5E5,2018-10-31 22:32:00,2018-11-01 03:10:00
144,88.50574499999998,,UTC-0400,F/D7+hL5E5,2018-07-21 22:10:00,2018-07-22 06:51:00
145,89.78705793402777,,UTC-0500,F/D7+hL5E5,2018-12-09 22:34:00,2018-12-10 08:10:00
146,90.712746,,UTC-0400,F/D7+hL5E5,2018-08-12 22:48:00,2018-08-13 06:30:00
147,91.78082,,UTC-0400,F/D7+hL5E5,2018-05-09 01:00:00,2018-05-09 07:05:00
149,91.6,,UTC-0400,F/D7+hL5E5,2018-07-16 22:16:00,2018-07-17 06:35:00
150,91.013824,,UTC-0400,F/D7+hL5E5,2018-07-15 23:18:00,2018-07-16 06:32:00
152,90.58403065656566,,UTC-0400,F/D7+hL5E5,2018-04-29 19:40:00,2018-04-30 05:34:00
155,93.333336,,UTC-0400,F/D7+hL5E5,2018-05-22 21:38:00,2018-05-23 05:23:00
156,88.43813,,UTC-0400,F/D7+hL5E5,2018-08-01 22:19:00,2018-08-02 06:32:00
157,88.69701806722689,,UTC-0400,F/D7+hL5E5,2018-05-03 22:12:00,2018-05-04 06:08:00
158,90.120964,,UTC-0800,F/D7+hL5E5,2017-12-29 01:03:00,2017-12-29 09:18:00
159,87.56848108910891,,UTC-0500,F/D7+hL5E5,2018-01-13 22:25:00,2018-01-14 06:50:00
160,89.26829000000002,,UTC-0400,F/D7+hL5E5,2018-09-16 22:45:00,2018-09-17 05:35:00
161,93.70786,,UTC-0500,F/D7+hL5E5,2018-01-16 22:23:00,2018-01-17 05:47:00
163,92.20779,,UTC-0500,F/D7+hL5E5,2018-11-24 07:32:00,2018-11-24 08:48:00
164,90.55118,,UTC-0400,F/D7+hL5E5,2018-08-05 22:49:00,2018-08-06 07:17:00
166,92.244896,,UTC-0400,F/D7+hL5E5,2018-05-06 21:43:00,2018-05-07 05:53:00
167,88.52814000000002,,UTC-0400,F/D7+hL5E5,2018-07-03 22:56:00,2018-07-04 06:37:00
169,87.87129,,UTC-0400,F/D7+hL5E5,2018-09-03 23:40:00,2018-09-04 06:23:00
171,87.96296,,UTC-0400,F/D7+hL5E5,2018-09-12 00:42:00,2018-09-12 06:05:00
173,89.58333,,UTC-0400,F/D7+hL5E5,2018-08-10 23:48:00,2018-08-11 06:12:00
174,95.13184,,UTC-0400,F/D7+hL5E5,2018-03-12 21:39:00,2018-03-13 05:51:00
176,90.022675,,UTC-0500,F/D7+hL5E5,2018-12-30 00:58:00,2018-12-30 08:18:00
177,82.64991711453744,,UTC-0400,F/D7+hL5E5,2018-08-08 23:15:00,2018-08-09 06:49:00
179,86.65377,,UTC-0400,F/D7+hL5E5,2018-09-01 22:05:00,2018-09-02 06:42:00
180,95.47511,50003.0,UTC-0500,F/D7+hL5E5,2018-01-08 23:17:00,2018-01-09 06:38:00
181,92.028984,,UTC-0400,F/D7+hL5E5,2018-10-12 22:22:00,2018-10-13 07:45:00
183,93.19728,,UTC-0400,F/D7+hL5E5,2018-10-05 22:09:00,2018-10-06 07:57:00
184,94.19238,,UTC-0400,F/D7+hL5E5,2018-04-02 21:29:00,2018-04-03 06:40:00
185,89.08686,,UTC-0400,F/D7+hL5E5,2018-07-10 22:35:00,2018-07-11 06:03:00
186,91.45929195237699,,UTC-0400,F/D7+hL5E5,2018-06-14 23:37:00,2018-06-15 06:37:00
187,91.87242623868313,,UTC-0400,F/D7+hL5E5,2018-10-13 22:44:00,2018-10-14 06:50:00
188,91.62304,,UTC-0400,F/D7+hL5E5,2018-05-01 23:09:00,2018-05-02 05:30:00
189,91.037735,,UTC+0200,F/D7+hL5E5,2018-08-27 23:12:00,2018-08-28 06:15:00
190,91.331924,50003.0,UTC-0500,F/D7+hL5E5,2018-02-06 22:03:00,2018-02-07 06:07:00
191,95.13184,,UTC-0400,F/D7+hL5E5,2018-03-13 22:19:00,2018-03-14 06:32:00
192,90.2439,,UTC-0500,F/D7+hL5E5,2018-02-18 17:43:00,2018-02-18 19:04:00
193,88.09524,,UTC-0400,F/D7+hL5E5,2018-04-12 22:32:00,2018-04-13 06:55:00
194,91.94805,,UTC-0400,F/D7+hL5E5,2018-09-07 23:52:00,2018-09-08 06:16:00
195,95.69378,,UTC-0400,F/D7+hL5E5,2018-04-08 23:15:00,2018-04-09 06:12:00
196,90.01969553374234,,UTC-0400,F/D7+hL5E5,2018-03-22 22:14:00,2018-03-23 06:23:00
197,91.38381,,UTC-0400,F/D7+hL5E5,2018-10-15 23:38:00,2018-10-16 06:00:00
199,83.6652289223301,,UTC-0400,F/D7+hL5E5,2018-07-30 22:42:00,2018-07-31 07:17:00
200,92.90188,50003.0,UTC-0500,F/D7+hL5E5,2018-02-12 21:47:00,2018-02-13 05:45:00
201,88.58351,,UTC-0500,F/D7+hL5E5,2018-11-10 23:48:00,2018-11-11 07:40:00
202,93.98663,,UTC-0400,F/D7+hL5E5,2018-10-28 22:57:00,2018-10-29 06:26:00
203,91.434265,,UTC-0800,F/D7+hL5E5,2017-12-22 00:57:00,2017-12-22 09:18:00
204,76.53000352939776,,UTC-0400,F/D7+hL5E5,2018-04-28 04:49:00,2018-04-28 06:48:00
205,93.593315,,UTC-0500,F/D7+hL5E5,2018-01-02 02:10:00,2018-01-02 08:08:00
206,90.78341,,UTC-0500,F/D7+hL5E5,2018-11-29 23:17:00,2018-11-30 06:30:00
207,87.30500896551725,,UTC-0400,F/D7+hL5E5,2018-09-05 22:52:00,2018-09-06 06:36:00
208,70.96774,,UTC+0200,F/D7+hL5E5,2018-08-25 09:01:00,2018-08-25 10:02:00
209,89.76378000000003,,UTC-0400,F/D7+hL5E5,2018-05-14 01:05:00,2018-05-14 07:25:00
210,94.72574,,UTC-0400,F/D7+hL5E5,2018-06-20 22:32:00,2018-06-21 06:25:00
211,90.84912615,,UTC-0400,F/D7+hL5E5,2018-05-18 23:16:00,2018-05-19 07:36:00
212,83.49515,,UTC-0400,F/D7+hL5E5,2018-09-29 15:05:00,2018-09-29 16:48:00
213,93.371216,50004.0,UTC-0500,F/D7+hL5E5,2018-02-14 22:21:00,2018-02-15 07:08:00
214,88.5965,,UTC-0800,F/D7+hL5E5,2017-12-25 15:16:00,2017-12-25 17:09:00
215,92.21453,,UTC-0500,F/D7+hL5E5,2018-01-05 23:14:00,2018-01-06 08:52:00
216,92.36234,,UTC-0400,F/D7+hL5E5,2018-10-23 21:00:00,2018-10-24 06:22:00
217,92.30769,,UTC-0400,F/D7+hL5E5,2018-05-24 21:58:00,2018-05-25 05:58:00
218,89.73105,,UTC-0400,F/D7+hL5E5,2018-09-30 22:43:00,2018-10-01 05:31:00
219,88.97436,,UTC-0400,F/D7+hL5E5,2018-07-22 23:52:00,2018-07-23 06:21:00
220,95.68733,,UTC-0400,F/D7+hL5E5,2018-11-03 00:51:00,2018-11-03 07:02:00
221,96.55172,,UTC-0400,F/D7+hL5E5,2018-04-22 23:52:00,2018-04-23 05:39:00
222,90.46653,,UTC-0400,F/D7+hL5E5,2018-06-30 23:11:00,2018-07-01 07:23:00
223,91.681114,50002.0,UTC-0500,F/D7+hL5E5,2018-02-01 21:38:00,2018-02-02 07:14:00
224,93.11111,50003.0,UTC-0500,F/D7+hL5E5,2018-03-03 22:57:00,2018-03-04 06:26:00
225,61.37213492537313,,UTC-0400,F/D7+hL5E5,2018-04-08 04:27:00,2018-04-08 07:48:00
226,91.95046,,UTC-0400,F/D7+hL5E5,2018-04-22 00:44:00,2018-04-22 06:06:00
227,88.65248000000003,,UTC-0400,F/D7+hL5E5,2018-07-02 23:06:00,2018-07-03 06:08:00
228,94.117645,,UTC-0800,F/D7+hL5E5,2017-12-23 21:31:00,2017-12-24 06:17:00
229,89.08678488659794,,UTC-0500,F/D7+hL5E5,2018-12-04 21:55:00,2018-12-05 06:00:00
230,92.17759,50004.0,UTC-0500,F/D7+hL5E5,2018-01-27 23:06:00,2018-01-28 06:58:00
231,92.98969,,UTC-0500,F/D7+hL5E5,2018-11-03 22:50:00,2018-11-04 06:54:00
232,96.01227,,UTC-0400,F/D7+hL5E5,2018-05-22 01:00:00,2018-05-22 06:25:00
233,91.60584,,UTC-0400,F/D7+hL5E5,2018-07-19 21:55:00,2018-07-20 07:03:00
236,84.12698,,UTC-0500,F/D7+hL5E5,2018-11-29 16:26:00,2018-11-29 18:31:00
237,87.74855846616542,,UTC-0400,F/D7+hL5E5,2018-04-25 23:13:00,2018-04-26 05:52:00
238,88.91013000000002,,UTC-0400,F/D7+hL5E5,2018-09-04 22:46:00,2018-09-05 07:29:00
239,91.17117,,UTC-0500,F/D7+hL5E5,2018-11-16 21:49:00,2018-11-17 07:03:00
240,91.847824,,UTC-0400,F/D7+hL5E5,2018-05-26 23:22:00,2018-05-27 05:29:00
241,92.85714,,UTC-0400,F/D7+hL5E5,2018-06-08 23:19:00,2018-06-09 06:04:00
243,95.945946,,UTC-0500,F/D7+hL5E5,2018-02-10 11:52:00,2018-02-10 14:19:00
244,85.26315,,UTC-0400,F/D7+hL5E5,2018-07-01 23:26:00,2018-07-02 07:20:00
246,94.291756,50004.0,UTC-0500,F/D7+hL5E5,2018-02-03 22:17:00,2018-02-04 06:09:00
247,92.07048,,UTC-0400,F/D7+hL5E5,2018-04-16 22:52:00,2018-04-17 06:25:00
248,87.64045,,UTC-0500,F/D7+hL5E5,2018-12-12 22:17:00,2018-12-13 05:41:00
249,95.09804,50003.0,UTC-0500,F/D7+hL5E5,2018-02-02 21:45:00,2018-02-03 04:32:00
250,94.1691,,UTC-0400,F/D7+hL5E5,2018-04-20 23:18:00,2018-04-21 05:00:00
251,85.72198060784314,,UTC-0500,F/D7+hL5E5,2018-11-12 21:33:00,2018-11-13 06:03:00
252,91.39785,,UTC-0400,F/D7+hL5E5,2018-10-04 18:35:00,2018-10-04 20:07:00
253,84.70468073936846,,UTC-0400,F/D7+hL5E5,2018-08-17 21:36:00,2018-08-18 06:37:00
254,82.96296,,UTC-0500,F/D7+hL5E5,2018-12-29 15:07:00,2018-12-29 17:21:00
255,89.79590999999998,,UTC-0400,F/D7+hL5E5,2018-10-21 00:48:00,2018-10-21 08:57:00
256,92.656586,50003.0,UTC-0500,F/D7+hL5E5,2018-01-20 22:27:00,2018-01-21 06:09:00
257,93.45795,,UTC-0400,F/D7+hL5E5,2018-07-05 21:58:00,2018-07-06 06:52:00
258,91.876755,,UTC-0400,F/D7+hL5E5,2018-07-04 23:26:00,2018-07-05 05:22:00
259,95.522385,,UTC-0400,F/D7+hL5E5,2018-09-11 17:52:00,2018-09-11 20:05:00
260,90.74074,,UTC-0400,F/D7+hL5E5,2018-09-25 22:55:00,2018-09-26 06:06:00
262,90.336136,,UTC-0400,F/D7+hL5E5,2018-09-06 22:33:00,2018-09-07 06:28:00
263,90.96154,,UTC-0400,F/D7+hL5E5,2018-06-02 23:05:00,2018-06-03 07:44:00
264,93.66516,,UTC-0500,F/D7+hL5E5,2018-11-14 22:25:00,2018-11-15 05:46:00
265,91.56626,,UTC-0400,F/D7+hL5E5,2018-10-08 02:21:00,2018-10-08 09:15:00
266,92.484344,,UTC-0400,F/D7+hL5E5,2018-05-09 22:18:00,2018-05-10 06:16:00
267,90.04525,,UTC-0500,F/D7+hL5E5,2018-12-24 23:34:00,2018-12-25 06:55:00
268,84.66772635021097,,UTC+0200,F/D7+hL5E5,2018-08-26 23:46:00,2018-08-27 07:40:00
269,91.03179740518962,,UTC-0400,F/D7+hL5E5,2018-05-02 21:52:00,2018-05-03 06:13:00
271,92.90781,,UTC-0400,F/D7+hL5E5,2018-10-27 15:11:00,2018-10-27 17:31:00
272,0.0,50002.0,UTC-0400,jQfnryI8/B,2018-05-06 00:50:00,2018-05-06 03:50:00
273,92.25589,,UTC-0400,F/D7+hL5E5,2018-10-25 21:08:00,2018-10-26 07:02:00
274,91.81586,,UTC-0500,F/D7+hL5E5,2018-11-18 01:05:00,2018-11-18 07:35:00
275,90.09612801622718,,UTC-0400,F/D7+hL5E5,2018-04-15 22:42:00,2018-04-16 06:55:00
276,93.52679,,UTC-0400,F/D7+hL5E5,2018-03-28 22:26:00,2018-03-29 05:53:00
278,0.0,,UTC-0500,F/D7+hL5E5,2018-01-29 04:32:00,2018-01-29 05:38:00
279,94.67456,,UTC-0400,F/D7+hL5E5,2018-04-07 21:46:00,2018-04-08 03:23:00
280,93.7788,,UTC-0400,F/D7+hL5E5,2018-03-18 23:16:00,2018-03-19 06:29:00
281,89.91597,,UTC+0200,F/D7+hL5E5,2018-08-19 15:02:00,2018-08-19 17:00:00
283,93.02326,,UTC-0400,F/D7+hL5E5,2018-04-04 22:31:00,2018-04-05 06:23:00
284,90.18789,,UTC-0400,F/D7+hL5E5,2018-08-16 22:32:00,2018-08-17 06:30:00
285,91.45728,,UTC-0400,F/D7+hL5E5,2018-04-18 23:04:00,2018-04-19 05:41:00
286,91.49425,,UTC-0400,F/D7+hL5E5,2018-04-23 22:34:00,2018-04-24 05:48:00
288,91.22402,,UTC-0400,F/D7+hL5E5,2018-08-09 23:45:00,2018-08-10 06:57:00
289,89.49044,,UTC-0500,F/D7+hL5E5,2018-11-05 20:29:00,2018-11-06 06:56:00
290,92.36641,,UTC-0400,F/D7+hL5E5,2018-09-15 14:10:00,2018-09-15 16:20:00
291,93.18885,,UTC-0800,F/D7+hL5E5,2017-12-23 01:48:00,2017-12-23 07:10:00
292,92.952385,,UTC-0800,F/D7+hL5E5,2017-12-29 23:25:00,2017-12-30 08:09:00
293,89.77956400000002,,UTC-0400,F/D7+hL5E5,2018-07-25 22:41:00,2018-07-26 07:00:00
294,88.2353,,UTC-0400,F/D7+hL5E5,2018-06-23 15:47:00,2018-06-23 17:28:00
295,89.66292,,UTC-0400,F/D7+hL5E5,2018-09-17 22:16:00,2018-09-18 05:40:00
296,89.39095999999998,,UTC-0400,F/D7+hL5E5,2018-07-13 23:37:00,2018-07-14 08:05:00
297,95.42334,,UTC-0400,F/D7+hL5E5,2018-06-05 22:21:00,2018-06-06 05:51:00
298,91.46608,,UTC-0500,F/D7+hL5E5,2018-01-10 22:30:00,2018-01-11 06:06:00
299,92.82297,50003.0,UTC-0500,F/D7+hL5E5,2018-02-09 22:55:00,2018-02-10 05:52:00
300,96.34146,,UTC-0500,F/D7+hL5E5,2017-12-17 22:31:00,2017-12-18 06:42:00
301,92.85714,,UTC-0400,F/D7+hL5E5,2018-03-22 02:27:00,2018-03-22 06:53:00
303,90.94139,,UTC-0500,F/D7+hL5E5,2018-12-20 22:39:00,2018-12-21 08:01:00
304,96.22093,,UTC-0400,F/D7+hL5E5,2018-03-11 23:17:00,2018-03-12 05:00:00
305,79.35432043933055,,UTC-0400,F/D7+hL5E5,2018-09-18 22:56:00,2018-09-19 06:54:00
306,93.84289,50003.0,UTC-0500,F/D7+hL5E5,2018-03-01 22:09:00,2018-03-02 06:00:00
307,93.03483,,UTC-0400,F/D7+hL5E5,2018-10-21 23:54:00,2018-10-22 06:36:00
308,92.50457,50004.0,UTC-0500,F/D7+hL5E5,2018-03-06 21:46:00,2018-03-07 06:52:00
309,90.625,,UTC-0500,F/D7+hL5E5,2018-11-07 22:41:00,2018-11-08 05:37:00
310,92.97052,,UTC-0400,F/D7+hL5E5,2018-04-28 23:20:00,2018-04-29 06:41:00
312,90.38461,,UTC-0400,F/D7+hL5E5,2018-07-17 23:08:00,2018-07-18 06:03:00
315,92.1371,,UTC-0500,F/D7+hL5E5,2018-11-25 22:07:00,2018-11-26 06:22:00
319,90.574715,,UTC-0400,F/D7+hL5E5,2018-06-03 22:41:00,2018-06-04 05:55:00
320,92.36948,50002.0,UTC-0500,F/D7+hL5E5,2018-01-18 21:38:00,2018-01-19 05:55:00
321,88.236279082397,,UTC-0400,F/D7+hL5E5,2018-04-13 22:21:00,2018-04-14 07:15:00
322,87.7193,,UTC-0400,F/D7+hL5E5,2018-09-23 15:40:00,2018-09-23 17:33:00
324,92.83276,,UTC-0400,F/D7+hL5E5,2018-04-09 22:16:00,2018-04-10 03:08:00
326,93.26241,,UTC-0800,F/D7+hL5E5,2017-12-24 20:52:00,2017-12-25 06:15:00
327,89.21776,,UTC-0400,F/D7+hL5E5,2018-08-03 23:22:00,2018-08-04 07:14:00
331,93.177734,,UTC-0400,F/D7+hL5E5,2018-07-07 23:29:00,2018-07-08 08:46:00
332,94.97207,,UTC-0400,F/D7+hL5E5,2018-04-01 01:05:00,2018-04-01 07:02:00
333,91.29464,50003.0,UTC-0500,F/D7+hL5E5,2018-02-10 22:17:00,2018-02-11 05:44:00
334,87.91036702173913,,UTC-0400,F/D7+hL5E5,2018-09-15 23:04:00,2018-09-16 06:44:00
335,83.00718604651163,50003.0,UTC-0500,F/D7+hL5E5,2018-01-26 23:47:00,2018-01-27 06:14:00
336,92.2057524050633,,UTC-0400,F/D7+hL5E5,2018-04-03 22:32:00,2018-04-04 06:26:00
338,92.98246,,UTC-0400,F/D7+hL5E5,2018-06-12 22:56:00,2018-06-13 06:31:00
339,83.36537105494506,,UTC-0500,F/D7+hL5E5,2018-11-19 22:17:00,2018-11-20 05:52:00
340,94.230774,,UTC-0500,F/D7+hL5E5,2018-02-28 22:19:00,2018-03-01 05:15:00
341,93.722946,,UTC-0400,F/D7+hL5E5,2018-08-11 23:05:00,2018-08-12 06:47:00
342,92.494484,,UTC-0400,F/D7+hL5E5,2018-10-14 22:56:00,2018-10-15 06:28:00
343,91.68317,,UTC-0500,F/D7+hL5E5,2018-11-15 21:53:00,2018-11-16 06:18:00
344,91.36069,,UTC-0400,F/D7+hL5E5,2018-04-10 22:20:00,2018-04-11 06:02:00
345,91.2106018968386,,UTC-0500,F/D7+hL5E5,2018-12-08 22:17:00,2018-12-09 08:18:00
346,86.0,,UTC-0400,F/D7+hL5E5,2018-06-09 13:29:00,2018-06-09 15:09:00
347,97.22992,,UTC-0400,F/D7+hL5E5,2018-05-10 23:42:00,2018-05-11 05:43:00
348,90.909096,,UTC-0400,F/D7+hL5E5,2018-10-02 22:41:00,2018-10-03 05:41:00
349,90.47619,,UTC-0400,F/D7+hL5E5,2018-06-02 13:59:00,2018-06-02 15:23:00
350,89.756096,,UTC-0400,F/D7+hL5E5,2018-08-13 23:42:00,2018-08-14 06:44:00
353,91.2114,,UTC-0400,F/D7+hL5E5,2018-10-29 22:41:00,2018-10-30 05:41:00
354,92.10526,,UTC-0400,F/D7+hL5E5,2018-11-02 18:24:00,2018-11-02 19:39:00
356,90.909096,,UTC-0500,F/D7+hL5E5,2018-01-06 23:46:00,2018-01-07 03:58:00
357,93.01397,,UTC-0400,F/D7+hL5E5,2018-03-26 22:22:00,2018-03-27 06:43:00
358,91.85803,,UTC-0500,F/D7+hL5E5,2018-12-10 22:21:00,2018-12-11 06:33:00
359,89.47369,,UTC-0400,F/D7+hL5E5,2018-08-28 21:18:00,2018-08-29 04:34:00
360,95.76471,,UTC-0500,F/D7+hL5E5,2018-02-22 21:40:00,2018-02-23 04:44:00
361,93.548386,,UTC-0400,F/D7+hL5E5,2018-07-14 21:00:00,2018-07-14 22:01:00
362,83.15502901204418,,UTC+0200,F/D7+hL5E5,2018-08-22 00:04:00,2018-08-22 06:59:00
363,89.926735,,UTC-0800,F/D7+hL5E5,2017-12-27 22:38:00,2017-12-28 07:43:00
364,91.30435,,UTC-0500,F/D7+hL5E5,2018-12-18 23:13:00,2018-12-19 07:38:00
365,84.426308856,,UTC-0400,F/D7+hL5E5,2018-04-24 22:09:00,2018-04-25 06:29:00
366,88.17967,,UTC-0400,F/D7+hL5E5,2018-10-09 23:20:00,2018-10-10 06:23:00
367,92.00864,,UTC-0400,F/D7+hL5E5,2018-10-27 22:51:00,2018-10-28 06:33:00
368,91.33858,,UTC-0500,F/D7+hL5E5,2018-01-11 22:34:00,2018-01-12 04:54:00
369,75.91579132786885,,UTC-0400,F/D7+hL5E5,2018-09-09 04:11:00,2018-09-09 08:15:00
370,90.130356,,UTC-0500,F/D7+hL5E5,2018-12-11 23:07:00,2018-12-12 08:03:00
372,83.18785342955735,,UTC-0400,F/D7+hL5E5,2018-09-23 00:14:00,2018-09-23 07:27:00
374,88.35979499999998,,UTC+0200,F/D7+hL5E5,2018-08-26 01:05:00,2018-08-26 07:23:00
375,84.28571,,UTC-0400,F/D7+hL5E5,2018-08-12 15:38:00,2018-08-12 17:57:00
376,91.61905,,UTC-0400,F/D7+hL5E5,2018-10-26 22:50:00,2018-10-27 07:34:00
377,90.40591,,UTC-0400,F/D7+hL5E5,2018-07-09 21:51:00,2018-07-10 06:52:00
378,89.90610500000003,,UTC-0400,F/D7+hL5E5,2018-07-29 00:04:00,2018-07-29 07:09:00
379,89.02954,,UTC-0400,F/D7+hL5E5,2018-04-27 22:52:00,2018-04-28 02:48:00
380,94.416245,,UTC-0400,F/D7+hL5E5,2018-03-25 23:39:00,2018-03-26 06:12:00
381,93.641624,50004.0,UTC-0500,F/D7+hL5E5,2018-01-29 21:43:00,2018-01-30 06:21:00
382,92.10977,,UTC-0400,F/D7+hL5E5,2018-09-21 22:02:00,2018-09-22 07:44:00
383,92.391304,,UTC-0400,F/D7+hL5E5,2018-11-03 14:17:00,2018-11-03 15:48:00
384,91.91686,,UTC-0400,F/D7+hL5E5,2018-04-17 23:08:00,2018-04-18 06:20:00
385,86.95652,,UTC-0400,F/D7+hL5E5,2018-07-22 16:24:00,2018-07-22 18:05:00
386,90.54054,,UTC-0400,F/D7+hL5E5,2018-09-20 22:47:00,2018-09-21 06:11:00
387,95.07042,,UTC-0400,F/D7+hL5E5,2018-03-17 23:54:00,2018-03-18 07:00:00
388,88.2353,,UTC-0500,F/D7+hL5E5,2018-11-11 22:01:00,2018-11-12 06:13:00
389,93.520515,,UTC-0500,F/D7+hL5E5,2018-01-15 22:13:00,2018-01-16 05:55:00
392,95.06726,,UTC-0400,F/D7+hL5E5,2018-05-15 23:14:00,2018-05-16 06:39:00
395,93.5567,,UTC-0500,F/D7+hL5E5,2018-02-27 22:17:00,2018-02-28 04:44:00
397,91.78832,,UTC-0500,F/D7+hL5E5,2018-12-28 23:04:00,2018-12-29 08:12:00
398,93.93305,50004.0,UTC-0500,F/D7+hL5E5,2018-02-16 22:35:00,2018-02-17 06:32:00
399,90.98901,,UTC-0400,F/D7+hL5E5,2018-09-14 23:40:00,2018-09-15 07:15:00
400,93.65751,,UTC-0500,F/D7+hL5E5,2018-01-22 22:23:00,2018-01-23 06:15:00
401,82.85988018789143,,UTC-0400,F/D7+hL5E5,2018-10-17 23:03:00,2018-10-18 07:02:00
402,90.48362,,UTC-0500,F/D7+hL5E5,2018-11-08 20:51:00,2018-11-09 07:31:00
403,91.66667,,UTC-0500,F/D7+hL5E5,2018-01-07 21:28:00,2018-01-08 06:39:00
404,90.2439,,UTC-0400,F/D7+hL5E5,2018-07-20 23:38:00,2018-07-21 07:49:00
405,70.28693280254777,,UTC-0500,F/D7+hL5E5,2018-01-02 23:55:00,2018-01-03 06:47:00
406,92.34568,50003.0,UTC-0500,F/D7+hL5E5,2018-01-23 23:00:00,2018-01-24 05:44:00
407,92.517006,,UTC-0400,F/D7+hL5E5,2018-06-29 23:38:00,2018-06-30 06:59:00
408,92.96740484433963,,UTC-0400,F/D7+hL5E5,2018-10-30 22:17:00,2018-10-31 05:21:00
409,94.61078,,UTC-0400,F/D7+hL5E5,2018-06-19 23:09:00,2018-06-20 04:42:00
410,83.67347,,UTC-0400,F/D7+hL5E5,2018-05-09 18:39:00,2018-05-09 20:16:00
411,91.27789,,UTC-0400,F/D7+hL5E5,2018-09-13 22:34:00,2018-09-14 06:46:00
412,80.0,,UTC-0400,F/D7+hL5E5,2018-06-20 18:11:00,2018-06-20 19:20:00
413,88.90433035789474,,UTC-0500,F/D7+hL5E5,2018-12-05 22:38:00,2018-12-06 06:33:00
414,86.930695,,UTC-0400,F/D7+hL5E5,2018-08-02 21:46:00,2018-08-03 06:10:00
415,86.6186419779786,,UTC-0500,F/D7+hL5E5,2018-11-20 21:34:00,2018-11-21 06:39:00
416,89.778534,,UTC-0800,F/D7+hL5E5,2017-12-30 21:53:00,2017-12-31 07:39:00
417,94.299286,,UTC-0400,F/D7+hL5E5,2018-03-19 21:51:00,2018-03-20 04:51:00
418,91.84466,,UTC-0500,F/D7+hL5E5,2018-12-06 22:27:00,2018-12-07 07:01:00
419,92.91338,,UTC-0400,F/D7+hL5E5,2018-04-11 23:17:00,2018-04-12 05:37:00
420,89.21568,,UTC+0200,F/D7+hL5E5,2018-08-26 19:00:00,2018-08-26 20:42:00
421,94.654785,,UTC-0500,F/D7+hL5E5,2018-03-05 22:51:00,2018-03-06 06:20:00
422,90.50505,,UTC-0500,F/D7+hL5E5,2018-12-02 22:42:00,2018-12-03 06:56:00
423,86.06965,,UTC-0400,F/D7+hL5E5,2018-09-09 00:05:00,2018-09-09 03:25:00
424,70.96774,,UTC-0400,F/D7+hL5E5,2018-07-04 17:23:00,2018-07-04 18:24:00
425,92.54386,,UTC-0400,F/D7+hL5E5,2018-06-26 23:02:00,2018-06-27 06:37:00
426,91.89189,,UTC-0400,F/D7+hL5E5,2018-05-30 04:21:00,2018-05-30 06:48:00
427,95.84905,,UTC-0500,F/D7+hL5E5,2018-01-12 21:54:00,2018-01-13 06:43:00
428,91.594826,,UTC-0400,F/D7+hL5E5,2018-09-12 22:29:00,2018-09-13 06:13:00
429,89.93839,,UTC-0400,F/D7+hL5E5,2018-06-25 23:18:00,2018-06-26 07:24:00
430,90.36144,,UTC-0400,F/D7+hL5E5,2018-08-30 21:18:00,2018-08-31 04:12:00
432,93.43545,,UTC-0500,F/D7+hL5E5,2018-12-13 21:43:00,2018-12-14 05:19:00
433,91.27517,,UTC-0500,F/D7+hL5E5,2018-12-31 00:47:00,2018-12-31 08:13:00
434,75.68882066666667,,UTC-0400,F/D7+hL5E5,2018-06-24 01:04:00,2018-06-24 09:49:00
435,87.80488000000003,,UTC-0500,F/D7+hL5E5,2018-11-18 22:09:00,2018-11-19 07:01:00
436,87.70053,50003.0,UTC-0500,F/D7+hL5E5,2018-02-07 22:59:00,2018-02-08 05:12:00
438,90.01883000000002,,UTC-0500,F/D7+hL5E5,2018-12-16 21:20:00,2018-12-17 06:11:00
440,87.28813000000002,,UTC-0400,F/D7+hL5E5,2018-08-06 15:18:00,2018-08-06 17:15:00
441,95.194084,50004.0,UTC-0500,F/D7+hL5E5,2018-02-15 21:52:00,2018-02-16 06:52:00
442,94.13093,,UTC-0400,F/D7+hL5E5,2018-11-02 00:09:00,2018-11-02 07:31:00
443,89.92697315476191,,UTC-0400,F/D7+hL5E5,2018-08-04 22:40:00,2018-08-05 07:04:00
444,91.1032,,UTC-0500,F/D7+hL5E5,2018-12-25 23:39:00,2018-12-26 09:00:00
446,95.454544,50004.0,UTC-0500,F/D7+hL5E5,2018-01-30 21:59:00,2018-01-31 06:24:00
447,84.5811645751634,,UTC-0400,F/D7+hL5E5,2018-08-15 23:08:00,2018-08-16 06:47:00
448,91.1833,,UTC-0500,F/D7+hL5E5,2018-02-21 22:00:00,2018-02-22 05:10:00
449,94.305244,,UTC-0400,F/D7+hL5E5,2018-06-16 22:59:00,2018-06-17 06:17:00
450,92.456894,,UTC-0500,F/D7+hL5E5,2018-02-13 21:34:00,2018-02-14 05:17:00
451,93.71197,,UTC-0400,F/D7+hL5E5,2018-04-19 22:20:00,2018-04-20 06:32:00
452,89.1348,,UTC+0200,F/D7+hL5E5,2018-08-24 22:23:00,2018-08-25 06:39:00
453,92.36277,,UTC-0500,F/D7+hL5E5,2018-12-02 00:36:00,2018-12-02 07:34:00
454,95.726494,,UTC-0400,F/D7+hL5E5,2018-07-08 16:35:00,2018-07-08 18:31:00
455,94.67005,,UTC-0400,F/D7+hL5E5,2018-04-06 23:50:00,2018-04-07 06:23:00
456,89.61303000000002,,UTC-0500,F/D7+hL5E5,2018-11-09 22:49:00,2018-11-10 07:00:00
457,96.15385,,UTC-0400,F/D7+hL5E5,2018-07-31 17:21:00,2018-07-31 18:38:00
458,91.075516,,UTC-0400,F/D7+hL5E5,2018-05-17 22:48:00,2018-05-18 06:05:00
459,89.32238000000002,,UTC-0400,F/D7+hL5E5,2018-09-01 00:14:00,2018-09-01 08:21:00
460,86.39799000000002,,UTC-0400,F/D7+hL5E5,2018-08-06 23:24:00,2018-08-07 06:00:00
461,93.849655,,UTC-0400,F/D7+hL5E5,2018-10-19 23:11:00,2018-10-20 06:29:00
462,92.05128,,UTC-0800,F/D7+hL5E5,2017-12-26 02:34:00,2017-12-26 09:03:00
463,87.66234,,UTC+0200,F/D7+hL5E5,2018-08-21 20:04:00,2018-08-21 22:37:00
465,94.047615,,UTC-0400,F/D7+hL5E5,2018-05-14 17:53:00,2018-05-14 19:16:00
466,86.71497,,UTC-0400,F/D7+hL5E5,2018-10-10 23:30:00,2018-10-11 06:23:00
467,90.890686,,UTC-0500,F/D7+hL5E5,2018-12-21 23:18:00,2018-12-22 07:32:00
468,86.0,,UTC-0400,F/D7+hL5E5,2018-06-24 13:46:00,2018-06-24 15:25:00
469,88.965515,,UTC-0400,F/D7+hL5E5,2018-10-06 14:36:00,2018-10-06 17:00:00
471,93.333336,,UTC-0400,F/D7+hL5E5,2018-07-13 16:33:00,2018-07-13 18:02:00
472,89.662025,,UTC-0500,F/D7+hL5E5,2018-12-24 00:00:00,2018-12-24 08:22:00
473,0.0,50001.0,UTC-0400,jQfnryI8/B,2018-05-08 01:00:00,2018-05-08 04:00:00
474,86.66956103703704,,UTC-0400,F/D7+hL5E5,2018-09-26 22:13:00,2018-09-27 06:19:00
475,93.40659,,UTC-0400,F/D7+hL5E5,2018-10-23 17:42:00,2018-10-23 19:12:00
476,89.86083,,UTC-0500,F/D7+hL5E5,2018-12-27 00:31:00,2018-12-27 08:53:00
477,91.84061,,UTC-0400,F/D7+hL5E5,2018-10-22 21:30:00,2018-10-23 06:16:00
478,80.92515854581673,,UTC-0400,F/D7+hL5E5,2018-09-27 22:29:00,2018-09-28 06:51:00
479,95.89372,,UTC-0500,F/D7+hL5E5,2018-01-17 22:17:00,2018-01-18 05:10:00
480,92.14070495463181,,UTC-0500,F/D7+hL5E5,2018-12-28 00:50:00,2018-12-28 09:17:00
481,94.067795,,UTC-0400,F/D7+hL5E5,2018-10-19 18:53:00,2018-10-19 20:50:00
482,94.672134,,UTC-0400,F/D7+hL5E5,2018-03-30 22:39:00,2018-03-31 06:47:00
483,89.709175,,UTC+0200,F/D7+hL5E5,2018-08-19 23:59:00,2018-08-20 07:25:00
484,89.83489713774597,,UTC-0500,F/D7+hL5E5,2018-12-03 22:22:00,2018-12-04 07:41:00
485,90.909096,,UTC-0500,F/D7+hL5E5,2018-02-05 22:24:00,2018-02-06 05:32:00
486,72.72726999999998,,UTC-0500,F/D7+hL5E5,2018-01-02 21:56:00,2018-01-02 23:01:00
487,92.12855047906977,,UTC-0400,F/D7+hL5E5,2018-04-26 22:55:00,2018-04-27 06:05:00
488,91.81495,,UTC-0500,F/D7+hL5E5,2018-02-24 02:05:00,2018-02-24 06:46:00
489,90.18789,,UTC-0500,F/D7+hL5E5,2018-11-26 21:38:00,2018-11-27 05:36:00
490,85.0283943902439,,UTC-0400,F/D7+hL5E5,2018-09-24 21:46:00,2018-09-25 05:58:00
491,81.69725873015874,,UTC-0400,F/D7+hL5E5,2018-06-15 23:58:00,2018-06-16 07:19:00
493,92.38281,,UTC-0400,F/D7+hL5E5,2018-07-06 22:54:00,2018-07-07 07:25:00
494,93.93939,,UTC-0400,F/D7+hL5E5,2018-04-14 21:32:00,2018-04-15 05:46:00
496,89.980736,,UTC-0500,F/D7+hL5E5,2018-11-22 22:14:00,2018-11-23 06:52:00
497,93.31849,,UTC-0400,F/D7+hL5E5,2018-06-21 22:53:00,2018-06-22 06:22:00
498,90.8397,,UTC-0400,F/D7+hL5E5,2018-05-20 01:44:00,2018-05-20 08:16:00
499,93.56137,,UTC-0400,F/D7+hL5E5,2018-06-18 21:14:00,2018-06-19 05:30:00
500,85.65171180733945,,UTC-0400,F/D7+hL5E5,2018-06-17 22:30:00,2018-06-18 05:46:00
